#{"t_start": 1767865492.5766735, "env_id": "None"}
r,l,t
-2284.973469,500,24.753664
-1947.39328,500,49.908128
-1654.176007,500,75.079524
-1954.06597,500,100.250234
-1686.471341,500,125.421272
-1723.313865,500,150.593271
-2122.837895,500,175.76348
-2224.24628,500,200.934582
-2350.870971,500,226.105702
-2386.797728,500,251.276797
-2910.143419,500,276.431191
-2976.054205,500,301.602269
-3881.581406,500,326.773501
-2651.677019,500,351.944951
-3930.352234,500,377.115578
-2936.042419,500,402.286686
-2330.176472,500,427.457848
-2181.495496,500,452.628903
-5109.369809,500,477.800001
-613.523517,193,487.608234
-802.515531,156,495.548327
-945.889084,161,503.755114
-829.056476,157,511.761799
-901.727643,146,519.218032
-767.248645,147,526.724365
-776.219506,139,533.830376
-737.749039,143,541.136428
-605.131021,136,548.092469
-794.295718,136,555.048417
-499.231116,135,561.953872
-528.313315,139,569.059824
-462.549348,131,575.765453
-713.743665,127,582.270988
-495.771284,127,588.776353
-535.822374,127,595.281793
-556.243816,131,601.970998
-605.648612,132,608.726426
-451.019814,129,615.332351
-547.547636,131,622.037682
-447.788742,126,628.492985
-576.322258,125,634.89848
-569.707244,128,641.453908
-472.200625,126,647.909283
-590.984539,129,654.515054
-514.774675,128,661.070304
-609.15397,126,667.525674
-626.452662,128,674.064528
-526.441913,125,680.469867
-599.12343,126,686.925703
-543.845925,125,693.330695
-529.096504,127,699.83615
-482.059254,127,706.341626
-538.248001,127,712.847001
-494.847641,124,719.202379
-443.111395,125,725.607733
-623.942649,125,732.013066
-463.474924,125,738.418468
-571.226359,123,744.723735
-560.437943,124,751.079084
-519.478207,126,757.534467
-567.451679,125,763.939864
-625.983371,125,770.345188
-501.768705,125,776.750801
-510.088139,125,783.155988
-435.966042,123,789.461242
-456.771281,124,795.816601
-574.723472,125,802.222149
-417.428886,125,808.627465
-429.72297,124,814.983018
-486.327904,125,821.388137
-470.424215,122,827.643327
-499.91496,124,833.998705
-425.965836,123,840.303929
-426.683373,125,846.70933
-509.877395,123,852.997932
-405.642837,123,859.30313
-589.438057,121,865.508353
-425.122655,125,871.913733
-549.564659,122,878.168955
-490.898718,123,884.474206
-439.230579,123,890.779829
-500.336115,123,897.084879
-495.828946,123,903.390078
-477.522176,124,909.74555
-509.68865,122,916.000738
-551.205718,124,922.355944
-531.546846,124,928.711311
-426.596548,124,935.066616
-473.172545,124,941.422011
-574.195642,129,948.027473
-529.367911,128,954.583033
-548.794778,126,961.038468
-501.111273,128,967.593869
-485.97142,127,974.09937
-508.237359,129,980.705162
-557.748125,132,987.460595
-456.257568,131,994.166151
-551.184627,128,1000.721652
-537.334839,135,1007.627424
-627.146221,135,1014.533283
-669.675651,140,1021.689208
-602.283159,139,1028.795173
-774.242054,156,1036.751885
-625.497101,149,1044.358234
-592.167751,148,1051.914868
-645.846011,143,1059.220656
-886.12956,159,1067.327475
-844.975953,174,1076.185149
-994.16151,213,1086.993951
-1117.681908,194,1096.852245
-1072.243436,214,1107.711367
-1782.562273,274,1121.573477
-1596.099878,246,1134.033395
-2279.617752,335,1150.947605
-3370.595175,497,1175.968588
-625.47017,148,1183.52493
-697.404794,140,1190.680971
-726.498977,144,1198.037093
-804.988883,155,1205.943712
-629.677469,144,1213.299899
-734.263015,143,1220.606262
-763.356191,151,1228.312477
-698.63519,153,1236.11899
-878.740006,165,1244.526118
-547.643613,141,1251.732167
-709.699549,158,1259.788995
-939.391988,193,1269.597191
-1011.969838,182,1278.854867
-573.746547,140,1286.010926
-523.360722,133,1292.816545
-644.115422,132,1299.572438
-642.356797,150,1307.228968
-830.526802,182,1316.469693
-652.285714,137,1323.475593
-554.967667,131,1330.181217
-582.103537,132,1336.936866
-603.305614,129,1343.542777
-607.47959,133,1350.348448
-609.481133,130,1357.003755
-488.448347,133,1363.809381
-479.034596,131,1370.51539
-533.511751,131,1377.221042
-611.95832,132,1383.977098
-483.080467,132,1390.731998
-509.731709,130,1397.387632
-575.823849,128,1403.926412
-531.28328,129,1410.532158
-608.134486,131,1417.237788
-590.929222,128,1423.793314
-582.349611,126,1430.248727
-520.553614,125,1436.654288
-553.267349,123,1442.959855
-504.132997,126,1449.414798
-480.554465,128,1455.970232
-502.617776,126,1462.425865
-502.345495,127,1468.931289
-391.777469,124,1475.286463
-477.510795,125,1481.691571
-563.526277,126,1488.14709
-453.339853,125,1494.552425
-485.77177,125,1500.95775
-495.680629,123,1507.263036
-442.087323,125,1513.668427
-425.840528,125,1520.073772
-445.93706,126,1526.529246
-492.207133,127,1533.034671
-539.002429,127,1539.540398
-584.280571,124,1545.895438
-497.503398,128,1552.450918
-577.972259,125,1558.856308
-458.524798,127,1565.361814
-574.903855,123,1571.666993
-493.248844,126,1578.122723
-454.008187,124,1584.477984
-431.552336,123,1590.783315
-417.558622,125,1597.188497
-569.487381,124,1603.54398
-568.845903,124,1609.899221
-521.01675,125,1616.304637
-457.621934,123,1622.609866
-491.390706,124,1628.965149
-448.86716,124,1635.320508
-515.598883,123,1641.609119
-468.587027,123,1647.914371
-449.499951,123,1654.219705
-447.522337,124,1660.575003
-427.198107,122,1666.830187
-541.321355,123,1673.135775
-448.243467,123,1679.44072
-400.174928,124,1685.796073
-412.352344,121,1692.00148
-396.029525,122,1698.257119
-477.275229,124,1704.611875
-527.377222,123,1710.917099
-418.412541,121,1717.122296
-430.863864,121,1723.327643
-470.72446,123,1729.633121
-411.616122,124,1735.988292
-448.690877,123,1742.293432
-478.926508,125,1748.698777
-490.281306,122,1754.954024
-494.299668,123,1761.259304
-524.037225,124,1767.614673
-389.278568,119,1773.719772
-530.069214,121,1779.924975
-435.872148,123,1786.230338
-508.30113,123,1792.535543
-503.3873,122,1798.790864
-431.511137,123,1805.096044
-380.107817,119,1811.20116
-493.400803,123,1817.506453
-339.033399,117,1823.511549
-458.269115,121,1829.716741
-500.665866,122,1835.971958
-496.190816,121,1842.17713
-489.805945,121,1848.382668
-517.508056,121,1854.587532
-495.327193,124,1860.942987
-468.590864,121,1867.148335
-378.433005,121,1873.3533
-361.772363,119,1879.458404
-384.35181,121,1885.663631
-368.752482,121,1891.868883
-371.340851,121,1898.074022
-472.576915,122,1904.329219
-368.265348,120,1910.484419
-384.587524,121,1916.672933
-417.384374,121,1922.878145
-400.830953,122,1929.133402
-450.517458,122,1935.388662
-507.724852,121,1941.593832
-462.18068,123,1947.899643
-430.294449,122,1954.154374
-461.741516,123,1960.459636
-432.336013,123,1966.764934
-485.523749,123,1973.070202
-443.747839,123,1979.375518
-530.546855,122,1985.630769
-397.813912,121,1991.835994
-475.91738,122,1998.091593
-529.329117,123,2004.396467
-536.235245,121,2010.601667
-462.224692,122,2016.856892
-478.463415,122,2023.112212
-406.089857,122,2029.351238
-481.304973,120,2035.505898
-449.23101,121,2041.711064
-425.728147,123,2048.016612
-521.308575,123,2054.305012
-469.91868,121,2060.510136
-465.415275,122,2066.765408
-410.907429,123,2073.070626
-513.428083,121,2079.275917
-393.906312,123,2085.581191
-533.936403,122,2091.836452
-446.108841,122,2098.091679
-430.239963,122,2104.346941
-438.548105,122,2110.602256
-406.008434,123,2116.907465
-510.330514,122,2123.162668
-471.769493,124,2129.518033
-510.199233,122,2135.774651
-454.331177,123,2142.078632
-503.591431,123,2148.3846
-451.781807,123,2154.689189
-474.883564,122,2160.944448
-531.294956,124,2167.300116
-508.094644,123,2173.60499
-469.902393,123,2179.910246
-397.612733,121,2186.115799
-465.062127,122,2192.370709
-532.355381,123,2198.676299
-496.853788,123,2204.983034
-448.792372,122,2211.236567
-541.401961,123,2217.541855
-548.328698,123,2223.847104
-501.881115,123,2230.152823
-408.970466,122,2236.407935
-463.615939,122,2242.663
-404.532573,122,2248.918147
-505.653702,124,2255.273728
-501.613886,122,2261.528715
-500.909599,121,2267.733864
-539.527747,123,2274.039226
-512.494523,123,2280.345007
-445.632331,122,2286.600522
-408.986102,123,2292.904979
-547.264729,123,2299.210751
-473.72737,123,2305.515549
-387.812933,121,2311.720746
-480.955826,123,2318.026055
-549.3189,122,2324.281266
-420.261308,122,2330.536537
-539.062904,122,2336.791783
-458.375118,123,2343.09707
-484.10855,122,2349.352307
-380.759799,120,2355.507519
-460.712895,122,2361.76272
-456.047637,121,2367.967926
-533.381762,122,2374.223295
-428.843307,121,2380.42838
-454.181707,121,2386.633817
-442.415925,122,2392.888871
-433.120216,124,2399.244236
-505.65993,122,2405.499599
-442.185769,122,2411.754893
-344.123144,119,2417.859867
-458.640002,121,2424.065042
-542.381432,122,2430.320542
-389.495179,122,2436.575621
-494.812987,120,2442.730715
-472.316676,123,2449.037188
-395.99446,121,2455.241099
-393.98924,122,2461.496649
-422.347397,122,2467.752046
-464.353937,122,2474.006799
-505.577749,122,2480.262131
-529.314967,123,2486.567339
-536.598638,120,2492.722498
-504.448826,123,2499.027826
-417.595493,122,2505.283036
-505.556405,121,2511.488225
-452.071541,121,2517.693485
-426.100781,122,2523.948689
-446.834112,122,2530.203954
-532.623805,121,2536.392493
-442.342379,122,2542.647687
-468.238839,122,2548.902994
-440.689498,122,2555.208302
-409.935285,121,2561.396794
-452.888521,121,2567.601995
-388.16375,121,2573.807156
-392.983948,121,2580.012325
-515.539652,122,2586.267601
-407.750572,123,2592.572864
-508.316801,121,2598.778095
-509.563628,123,2605.083419
-489.66187,122,2611.338634
-385.780954,122,2617.59382
-437.819786,124,2623.949143
-397.276367,122,2630.204422
-443.764697,123,2636.509713
-432.956867,123,2642.814966
-496.128198,124,2649.170312
-429.637053,122,2655.425549
-475.849344,122,2661.680785
-532.775997,121,2667.886006
-425.136689,123,2674.19121
-522.990088,122,2680.44645
-453.737474,123,2686.751719
-459.235304,123,2693.057416
-413.600681,122,2699.312323
-412.698883,121,2705.517493
-474.935381,122,2711.772755
-428.802483,121,2717.977974
-405.179305,121,2724.183165
-494.724793,123,2730.488458
-469.197471,123,2736.793769
-419.036089,122,2743.049011
-385.402933,122,2749.304245
-459.684981,124,2755.659671
-451.734433,123,2761.948232
-463.507629,123,2768.253466
-458.339774,123,2774.55874
-437.093267,123,2780.864594
-393.34642,121,2787.069216
-411.828785,124,2793.424546
-429.182767,121,2799.62976
-499.568737,122,2805.884993
-429.486388,124,2812.240373
-509.469153,124,2818.595657
-412.892688,124,2824.951226
-527.828794,124,2831.306289
-507.967662,125,2837.711647
-415.971991,124,2844.066984
-527.027563,124,2850.422307
-506.579291,123,2856.727587
-493.224127,123,2863.032919
-480.026539,123,2869.338158
-491.853023,122,2875.593471
-518.405241,123,2881.8823
-391.275456,122,2888.137291
-441.372206,122,2894.39266
-490.618016,122,2900.648148
-435.4883,122,2906.903006
-489.502418,123,2913.208301
-498.072631,122,2919.463797
-417.533221,122,2925.718809
-503.75541,121,2931.924417
-444.700715,122,2938.17938
-437.359141,122,2944.43444
-454.530184,123,2950.739825
-486.023934,121,2956.944956
-476.090915,123,2963.250207
-445.675963,123,2969.555531
-488.640063,123,2975.860846
-470.674978,122,2982.116255
-545.84283,122,2988.371351
-504.701478,123,2994.67686
-432.71334,122,3000.932469
-506.584269,122,3007.187064
-476.645166,121,3013.392405
-441.338686,122,3019.647887
-440.854371,122,3025.902714
-438.841478,122,3032.158057
-422.977002,122,3038.413268
-537.88805,123,3044.718663
-412.037416,123,3051.024164
-418.625118,124,3057.379171
-477.077619,122,3063.63448
-447.030437,120,3069.789547
-468.548519,121,3075.994743
-533.208643,122,3082.249991
-451.393711,122,3088.505286
-413.752431,125,3094.910614
-542.282934,123,3101.21588
-422.462194,123,3107.521154
-502.162018,124,3113.876497
-572.506774,123,3120.181735
-520.068128,124,3126.537134
-496.371137,124,3132.892531
-468.525444,124,3139.247805
-536.090733,123,3145.553027
-413.852148,122,3151.808274
-481.143771,122,3158.063469
-470.953447,122,3164.318783
-524.24925,124,3170.674074
-382.105617,120,3176.829262
-488.475209,123,3183.134547
-411.600658,122,3189.389919
-523.165561,122,3195.645151
-433.396649,123,3201.950456
-541.176387,122,3208.20583
-517.435984,123,3214.510962
-466.248042,123,3220.816259
-480.983693,123,3227.121523
-433.146711,122,3233.376784
-461.446015,123,3239.682071
-538.566223,122,3245.937217
-484.793562,124,3252.292654
-532.841593,123,3258.61458
-401.697217,122,3264.869787
-532.246686,123,3271.175119
-446.014263,124,3277.530427
-419.583968,122,3283.785984
-461.179478,121,3289.991318
-498.30017,122,3296.246097
-498.093925,123,3302.551733
-449.769539,122,3308.790027
-381.851663,119,3314.895451
-530.9337,122,3321.150389
-423.139985,122,3327.405568
-460.566371,123,3333.710936
-526.794847,121,3339.899429
-509.69637,122,3346.154682
-476.28519,123,3352.459989
-446.217989,123,3358.765217
-450.533294,122,3365.020486
-383.185638,122,3371.259013
-472.115112,122,3377.514302
-466.471265,122,3383.769506
-484.949518,121,3389.974736
-488.834338,121,3396.179956
-408.379671,122,3402.435213
-401.435872,122,3408.690434
-453.562195,121,3414.895656
-534.419216,122,3421.150898
-443.075423,121,3427.356108
-379.091317,122,3433.611364
-370.722766,122,3439.866597
-443.181053,122,3446.121797
-353.525881,118,3452.176874
-513.432883,121,3458.382085
-407.11954,121,3464.587323
-402.309639,121,3470.792635
-459.546946,122,3477.047807
-499.088759,121,3483.252959
-384.506835,121,3489.458152
-499.791433,121,3495.663389
-416.854557,122,3501.918597
-458.661176,121,3508.124354
-440.445108,121,3514.329114
-447.380105,121,3520.534266
-366.526768,121,3526.739506
-463.16021,121,3532.944621
-384.058625,121,3539.14992
-421.949229,121,3545.338347
-477.758036,121,3551.543541
-488.722236,120,3557.698713
-382.473866,121,3563.903914
-379.285503,121,3570.10916
-493.010786,121,3576.314256
-367.653423,120,3582.469475
-431.046331,122,3588.725462
-427.167538,122,3594.979979
-476.493257,122,3601.235311
-397.039064,121,3607.440444
-424.524207,121,3613.645649
-407.361575,121,3619.850849
-412.512205,122,3626.106093
-464.370302,121,3632.31129
-413.67248,120,3638.466427
-444.071298,121,3644.655707
-423.382705,121,3650.860688
-411.316177,121,3657.065377
-343.600427,118,3663.120515
-327.737516,117,3669.12548
-375.559784,122,3675.380743
-365.563533,121,3681.58597
-494.07185,122,3687.841346
-407.682985,122,3694.096443
-365.434521,118,3700.151582
-194.433065,88,3704.705411
-324.431202,118,3710.760628
-332.730948,117,3716.76545
-481.473523,121,3722.970643
-376.883506,119,3729.075785
-482.656437,121,3735.281124
-431.931004,122,3741.537147
-475.335946,121,3747.741473
-447.617493,120,3753.896595
-446.633396,121,3760.101733
-451.307252,120,3766.25691
-497.735448,122,3772.512722
-337.678689,119,3778.617304
-393.134964,121,3784.822663
-397.077876,121,3791.028012
-463.814501,121,3797.23293
-420.976531,121,3803.438517
-418.833373,122,3809.693357
-444.835532,119,3815.798817
-473.414321,120,3821.95365
-353.367076,118,3828.008996
-423.648214,122,3834.264064
-406.187859,122,3840.519222
-442.139787,121,3846.724412
-364.763043,121,3852.929914
-410.56094,121,3859.134806
-376.738863,121,3865.340387
-366.865331,117,3871.345038
-350.880102,119,3877.450191
-343.069915,120,3883.605368
-496.24437,122,3889.860586
-379.016271,118,3895.91564
-417.648773,120,3902.070835
-456.852923,122,3908.326049
-412.106079,120,3914.48122
-340.418428,118,3920.536319
-438.92121,122,3926.791586
-471.158765,122,3933.046794
-382.009848,121,3939.251998
-437.808671,121,3945.457176
-391.614234,122,3951.712439
-354.516635,121,3957.917696
-416.122441,121,3964.122942
-384.53018,121,3970.328159
-455.285708,121,3976.53323
-386.982617,119,3982.638373
-447.7872,122,3988.893914
-334.740302,117,3994.898712
-343.696197,117,4000.903904
-573.314838,119,4007.008941
-392.331063,116,4012.964261
-330.850012,117,4018.968921
-372.743734,118,4025.02399
-458.861458,122,4031.27922
-412.959587,122,4037.53467
-387.213895,120,4043.689635
-368.706701,122,4049.944907
-397.696977,121,4056.15006
-395.276423,122,4062.405292
-362.380572,122,4068.660595
-410.936717,121,4074.865707
-431.783206,122,4081.120952
-395.349505,122,4087.376201
-434.366662,122,4093.631429
-352.419667,122,4099.886684
-436.649593,121,4106.091972
-441.413751,121,4112.297124
-418.091911,122,4118.552368
-363.341815,121,4124.757529
-364.606868,122,4131.012784
-383.570248,121,4137.218005
-417.513114,121,4143.423197
-384.445099,121,4149.628417
-383.8769,121,4155.833603
-402.967334,122,4162.088907
-434.061806,122,4168.344388
-381.651781,121,4174.549258
-394.140134,121,4180.754472
-426.376042,121,4186.95971
-482.704578,121,4193.16514
-360.137517,121,4199.370631
-435.826513,121,4205.575301
-397.155479,122,4211.830551
-352.82421,119,4217.935681
-405.366084,122,4224.190882
-443.21512,120,4230.346072
-396.823459,122,4236.601312
-484.373075,122,4242.856623
-433.435915,121,4249.061753
-428.262506,120,4255.21691
-413.118712,121,4261.422133
-335.993871,119,4267.527319
-326.692708,118,4273.582398
-216.2505,89,4278.186177
-386.97074,119,4284.274625
-365.867091,120,4290.429755
-465.721776,121,4296.634987
-397.42277,121,4302.840199
-204.203901,89,4307.444063
-343.630368,121,4313.649264
-349.000506,118,4319.704346
-386.832621,118,4325.75938
-350.445819,120,4331.915203
-335.636101,118,4337.9696
-344.72703,121,4344.174849
-204.929403,89,4348.778754
-228.981128,88,4353.332792
-356.031364,121,4359.537713
-340.839198,120,4365.692884
-361.538225,121,4371.898103
-374.09643,119,4378.003612
-348.556939,117,4384.008222
-338.926504,121,4390.213409
-361.282321,121,4396.418649
-419.292402,121,4402.623834
-318.200711,118,4408.678898
-335.050177,120,4414.834081
-366.593155,119,4420.939218
-354.967726,120,4427.094425
-407.752006,118,4433.14946
-372.043878,117,4439.154463
-322.137934,118,4445.209538
-328.206396,117,4451.214664
-364.992372,121,4457.419788
-381.535523,119,4463.525209
-320.054499,119,4469.629995
-301.933493,118,4475.685305
-243.650681,90,4480.338993
-288.823815,116,4486.293936
-204.850107,89,4490.897868
-208.508401,88,4495.451664
-198.153204,88,4500.005597
-257.505542,88,4504.559283
-306.81806,117,4510.565012
-197.771821,89,4515.168276
-390.353609,118,4521.22326
-593.600623,116,4527.178705
-514.391631,117,4533.18346
-389.854292,117,4539.188332
-515.736482,117,4545.176793
-401.799254,117,4551.181698
-522.014868,118,4557.236907
-495.044049,119,4563.341836
-413.1329,119,4569.447304
-564.892957,119,4575.552136
-537.760153,120,4581.707535
-388.335284,118,4587.76237
-562.104674,121,4593.967611
-438.262997,121,4600.172873
-471.428364,122,4606.428227
-446.852707,121,4612.633278
-447.328331,124,4618.988873
-408.013993,123,4625.294122
-461.384782,125,4631.699301
-457.122999,124,4638.054581
-419.252703,126,4644.509937
-468.281836,129,4651.115672
-504.566015,126,4657.570982
-579.67835,129,4664.176559
-520.049938,128,4670.732677
-441.807756,128,4677.28749
-438.278647,127,4683.792861
-519.05598,129,4690.398393
-548.612135,127,4696.903881
-441.210333,127,4703.409337
-536.122564,126,4709.864751
-509.358515,128,4716.403584
-523.488666,128,4722.959037
-446.511816,126,4729.414479
-477.699301,130,4736.070069
-457.202176,128,4742.625508
-471.535321,129,4749.231161
-461.199451,127,4755.736531
-523.370772,125,4762.125338
-412.252726,127,4768.630823
-359.956386,122,4774.886099
-506.525289,127,4781.391393
-454.695117,125,4787.797059
-399.272088,125,4794.202445
-374.104552,119,4800.307292
-350.587617,119,4806.41245
-436.849056,119,4812.51756
-465.62935,122,4818.773255
-462.540987,122,4825.028304
-403.49135,123,4831.333502
-387.371229,121,4837.538551
-364.2147,118,4843.593532
-421.384925,122,4849.849288
-356.232476,118,4855.887221
-464.325305,123,4862.19287
-480.28006,121,4868.397716
-416.121656,121,4874.602829
-357.521148,118,4880.658031
-400.026182,122,4886.913429
-385.03533,122,4893.16871
-345.478786,119,4899.273856
-472.646396,122,4905.528782
-443.077054,121,4911.734004
-361.606535,119,4917.839169
-344.046838,118,4923.89418
-440.555265,121,4930.099442
-393.088581,121,4936.304652
-441.416765,121,4942.510532
-443.103064,120,4948.664926
-377.902869,120,4954.820107
-242.91062,89,4959.423981
-207.253667,88,4963.977859
-208.122342,88,4968.531899
-381.782889,117,4974.536656
-447.406734,121,4980.741814
-342.783695,117,4986.746887
-368.412833,121,4992.952085
-342.75381,118,4999.007128
-357.108246,121,5005.212345
-300.82412,117,5011.217862
-199.088109,89,5015.821248
-304.616399,118,5021.876364
-357.967618,117,5027.881547
-350.906596,117,5033.869768
-331.502887,118,5039.924855
-278.649615,89,5044.52864
-362.091344,119,5050.633763
-350.741301,117,5056.638818
-195.44301,89,5061.242706
-360.555836,118,5067.297708
-207.856133,89,5071.901602
-203.934642,89,5076.505933
-320.718885,117,5082.510477
-265.997183,89,5087.114349
-235.947728,89,5091.718215
-226.873274,88,5096.272103
-362.98771,117,5102.277075
-207.535081,88,5106.830831
-360.133273,121,5113.036072
-203.859764,88,5117.656601
-365.394576,119,5123.762002
-244.296839,88,5128.315548
-243.388944,88,5132.869421
-308.260546,118,5138.924548
-319.159943,117,5144.929449
-354.035019,117,5150.934554
-198.742868,89,5155.538366
-198.601311,89,5160.142271
-191.183505,90,5164.796149
-260.461019,89,5169.399973
-281.643809,118,5175.455055
-229.918253,89,5180.058901
-220.892505,89,5184.662779
-271.03035,89,5189.266632
-317.461698,118,5195.32211
-207.814957,90,5199.958925
-192.992112,90,5204.612851
-334.278681,118,5210.667937
-201.067729,90,5215.321826
-219.413402,89,5219.925745
-232.65278,89,5224.512916
-194.149582,89,5229.116706
-180.351805,89,5233.720585
-215.560766,88,5238.274405
-301.524573,118,5244.312874
-261.117941,89,5248.916657
-244.165536,89,5253.520502
-234.198655,89,5258.12459
-284.127958,89,5262.728216
-201.526287,89,5267.332341
-228.338802,89,5271.936013
-255.38457,89,5276.539755
-255.707708,89,5281.143642
-169.161005,89,5285.747496
-233.020595,89,5290.351408
-223.673739,90,5294.988692
-232.88111,89,5299.592569
-269.712628,89,5304.19638
-234.790216,89,5308.800457
-250.59986,89,5313.404431
-186.467636,89,5318.008244
-297.27149,122,5324.263167
-222.306331,89,5328.867279
-292.149835,122,5335.12276
-218.68614,89,5339.726057
-184.576896,89,5344.32993
-225.866178,89,5348.933845
-252.824186,89,5353.538295
-207.798187,89,5358.141578
-239.674778,90,5362.796481
-187.652057,89,5367.399473
-294.880629,123,5373.704635
-230.820033,89,5378.308789
-249.174515,89,5382.912939
-246.381581,89,5387.516494
-230.635915,89,5392.120003
-237.308727,91,5396.824033
-301.039768,123,5403.129207
-194.844402,89,5407.7331
-191.339633,89,5412.336996
-192.041248,90,5416.991085
-238.096829,89,5421.595012
-188.564929,88,5426.148608
-174.80096,89,5430.752777
-207.289475,89,5435.35626
-266.588117,89,5439.960116
-213.827744,90,5444.61446
-192.316136,89,5449.218329
-252.763795,89,5453.821705
-162.792742,89,5458.425563
-248.772808,90,5463.079512
-192.349571,89,5467.683647
-235.044609,89,5472.287194
-292.283143,123,5478.592771
-193.006399,90,5483.246453
-208.345378,89,5487.850327
-195.417911,89,5492.454128
-237.509918,90,5497.108013
-299.59321,123,5503.413523
-250.919751,91,5508.117224
-296.783378,122,5514.372466
-196.363147,89,5518.976318
-246.329677,89,5523.580186
-360.036714,123,5529.885466
-310.170791,122,5536.140725
-346.152055,123,5542.446235
-233.24695,89,5547.049894
-187.497276,89,5551.653709
-263.730114,89,5556.257601
-181.971806,89,5560.861463
-284.02154,122,5567.100283
-205.335207,89,5571.703872
-225.868558,89,5576.307746
-201.189171,90,5580.96164
-178.811623,89,5585.565869
-186.378897,89,5590.169706
-259.647307,89,5594.774194
-170.227889,90,5599.427118
-204.248723,89,5604.031224
-161.211202,89,5608.634875
-179.854544,89,5613.238787
-239.973093,90,5617.892916
-303.262119,90,5622.546856
-231.50752,89,5627.150728
-231.087516,88,5631.70437
-240.609567,90,5636.358143
-167.545907,89,5640.962018
-231.195399,90,5645.615936
-246.387873,89,5650.219709
-353.857673,122,5656.474962
-205.766523,90,5661.112187
-185.208233,89,5665.716036
-220.194052,89,5670.319968
-214.747666,89,5674.923684
-176.547033,89,5679.527592
-226.898344,90,5684.18191
-245.961616,90,5688.835467
-228.288698,89,5693.439309
-175.333151,90,5698.09308
-207.146119,89,5702.697032
-236.337607,89,5707.300819
-195.66547,90,5711.954714
-193.330323,89,5716.558708
-151.019992,90,5721.212497
-204.5734,89,5725.816398
-284.161111,89,5730.420604
-267.699788,123,5736.725452
-250.159634,90,5741.379404
-181.626842,89,5745.983231
-284.423009,89,5750.587083
-236.081345,89,5755.191017
-221.490522,89,5759.794879
-190.661535,90,5764.448748
-286.02053,89,5769.05404
-202.780692,90,5773.706602
-259.98473,89,5778.310449
-168.941165,89,5782.914313
-266.213869,89,5787.5181
-227.524928,89,5792.12206
-332.301979,119,5798.227414
-372.120843,122,5804.482364
-162.309976,88,5809.036185
-478.811375,121,5815.24137
-230.241456,89,5819.845224
-204.738859,89,5824.449094
-318.86008,102,5829.703595
-301.399319,89,5834.307351
-345.991109,102,5839.561734
-219.422865,90,5844.215637
-319.908276,102,5849.470062
-234.279008,90,5854.124308
-325.513764,103,5859.428394
-256.945256,90,5864.082371
-245.056278,89,5868.686149
-345.879002,103,5873.990625
-250.890854,90,5878.6445
-310.60237,90,5883.298501
-282.207888,89,5887.902272
-274.968074,91,5892.606227
-221.996193,90,5897.260126
-284.241798,90,5901.914051
-197.599375,90,5906.567946
-284.20121,90,5911.221798
-311.667179,91,5915.92616
-304.807163,90,5920.579663
-272.965175,90,5925.233577
-381.701729,104,5930.588057
-289.766057,90,5935.242185
-180.749623,90,5939.895857
-217.46039,90,5944.549812
-258.569782,90,5949.20366
-168.029316,90,5953.857546
-174.029579,90,5958.51154
-213.195497,90,5963.166155
-315.516267,124,5969.520896
-176.409465,89,5974.124607
-230.140914,89,5978.728374
-193.246402,89,5983.332281
-269.708583,122,5989.587506
-209.748537,90,5994.241402
-234.489382,90,5998.895301
-242.75008,89,6003.499187
-235.328618,90,6008.153667
-233.020469,90,6012.806989
-332.474462,123,6019.112283
-203.462174,91,6023.817055
-236.065822,89,6028.420122
-358.579625,123,6034.725348
-192.037394,89,6039.329215
-209.929002,89,6043.933091
-362.503679,122,6050.188274
-275.920217,90,6054.842203
-252.589079,89,6059.446074
-295.264604,122,6065.701413
-184.940058,90,6070.35521
-264.835106,89,6074.95914
-211.181809,89,6079.562936
-210.021316,89,6084.166793
-328.051401,122,6090.422015
-183.005945,90,6095.075978
-265.724819,90,6099.729848
-219.111533,90,6104.383756
-195.430299,89,6108.987868
-216.323902,90,6113.641503
-208.095648,90,6118.295405
-196.274117,90,6122.933019
-259.31079,89,6127.536452
-242.080069,89,6132.14043
-195.1385,89,6136.744431
-250.571229,90,6141.39811
-203.657489,90,6146.052115
-289.997829,123,6152.357273
-309.942508,122,6158.612708
-325.606275,123,6164.917874
-227.307906,89,6169.521693
-201.00447,89,6174.125545
-213.379597,89,6178.729875
-221.005054,90,6183.383296
-240.540249,90,6188.037376
-203.928044,89,6192.641173
-226.029942,90,6197.294938
-306.176123,123,6203.60053
-215.814765,89,6208.204123
-191.918608,90,6212.857986
-180.34202,89,6217.462627
-225.678318,89,6222.065723
-221.558202,89,6226.669601
-227.912381,91,6231.373877
-213.947891,89,6235.977341
-282.28695,89,6240.581259
-191.833676,89,6245.185338
-195.034179,89,6249.788949
-246.329134,89,6254.39281
-200.30022,89,6258.996953
-194.851737,89,6263.600518
-209.832089,89,6268.204417
-185.393812,89,6272.808337
-207.458308,89,6277.412205
-231.900049,89,6282.016097
-192.951304,90,6286.670189
-301.742393,122,6292.925121
-200.6799,90,6297.579422
-213.031473,89,6302.166213
-191.983485,89,6306.770027
-182.726744,89,6311.37389
-176.030717,88,6315.927717
-217.54158,90,6320.582361
-205.88857,90,6325.235517
-193.741089,90,6329.889438
-184.611696,89,6334.493281
-252.248102,90,6339.147178
-179.317637,88,6343.701053
-236.033039,89,6348.304831
-218.134772,90,6352.959129
-240.358305,90,6357.612726
-213.91609,91,6362.316661
-208.287523,89,6366.920433
-186.714667,90,6371.574497
-201.088443,90,6376.228275
-248.090457,89,6380.832257
-198.554872,89,6385.43636
-177.847102,89,6390.040017
-220.912743,89,6394.643855
-167.545971,89,6399.247968
-246.228864,89,6403.851557
-189.826108,90,6408.505497
-232.572222,90,6413.159361
-170.842971,89,6417.763477
-224.107906,89,6422.367047
-183.379556,90,6427.020951
-188.441058,89,6431.62484
-211.003241,89,6436.228938
-244.048199,89,6440.832916
-188.180053,89,6445.436347
-259.108859,90,6450.09049
-244.282032,89,6454.694039
-195.605497,90,6459.348298
-185.537115,90,6464.001937
-242.354677,89,6468.605742
-175.053219,89,6473.209572
-202.649499,89,6477.813437
-231.60357,89,6482.417384
-198.996491,89,6487.021227
-192.633147,90,6491.676437
-258.640267,89,6496.278915
-236.188658,89,6500.883274
-245.77026,90,6505.536719
-238.978348,90,6510.190685
-268.072416,89,6514.794549
-184.600315,89,6519.398344
-162.544993,89,6524.002181
-175.197855,90,6528.656422
-225.903566,89,6533.259913
-199.495204,89,6537.863761
-184.781569,90,6542.51767
-238.968379,89,6547.121522
-256.595421,90,6551.77544
-236.113241,89,6556.37928
-206.126855,89,6560.983198
-249.780519,90,6565.637067
-198.482908,89,6570.241171
-242.019633,90,6574.89482
-221.598483,89,6579.49875
-216.632108,90,6584.152592
-173.45743,89,6588.75644
-188.599418,89,6593.360315
-172.422807,89,6597.964178
-182.021769,89,6602.56831
-185.862819,90,6607.221922
-234.001654,91,6611.925875
-307.227245,123,6618.231152
-183.946686,89,6622.835014
-175.377795,90,6627.488926
-195.026494,89,6632.093118
-228.595363,89,6636.696627
-199.274086,89,6641.300495
-195.892439,89,6645.904428
-225.972485,89,6650.508539
-252.282887,90,6655.1621
-242.71387,90,6659.816032
-187.547789,90,6664.469921
-261.797721,89,6669.073767
-237.765515,89,6673.677917
-176.299346,89,6678.282054
-211.847589,90,6682.935411
-231.74966,90,6687.589279
-244.000651,90,6692.243198
-268.638813,89,6696.847099
-186.984568,89,6701.450891
-203.062372,89,6706.054775
-169.078593,89,6710.658687
-222.631415,90,6715.312537
-227.670046,89,6719.916502
-170.637775,89,6724.520361
-223.283802,89,6729.124113
-214.134854,89,6733.727967
-259.832074,90,6738.381964
-165.158462,89,6742.985719
-266.099911,89,6747.589584
-220.613662,89,6752.193436
-235.060625,89,6756.797318
-197.469692,89,6761.401163
-170.054974,89,6766.005086
-249.645254,90,6770.658946
-190.891936,90,6775.313084
-174.472407,89,6779.916655
-170.301404,89,6784.520532
-185.650114,89,6789.124979
-202.771992,89,6793.728585
-286.137941,90,6798.382097
-186.211654,90,6803.036044
-261.33908,89,6807.639902
-276.138168,90,6812.29385
-256.83149,90,6816.94774
-183.2364,90,6821.601606
-223.608035,90,6826.25572
-219.548112,90,6830.909751
-218.889736,89,6835.513335
-165.943873,89,6840.117166
-173.459013,89,6844.720966
-204.496138,90,6849.374917
-189.671918,89,6853.97875
-172.015544,89,6858.565933
-232.184424,89,6863.169789
-168.016611,89,6867.773666
-242.103026,90,6872.427558
-240.071772,88,6876.981498
-186.462878,90,6881.635258
-178.997457,90,6886.289164
-187.811499,91,6890.99311
-240.150043,90,6895.647023
-236.796564,89,6900.250866
-167.428368,90,6904.904804
-202.865882,90,6909.558705
-193.794661,90,6914.213462
-182.713027,89,6918.816539
-223.960016,90,6923.470332
-211.03599,90,6928.124271
-245.036779,90,6932.778209
-269.638948,90,6937.432069
-207.941751,90,6942.085952
-166.906828,89,6946.689824
-208.696194,89,6951.293666
-242.594658,89,6955.897638
-234.002028,90,6960.551581
-206.026523,89,6965.155722
-184.082732,89,6969.759479
-230.356034,90,6974.413459
-189.859268,90,6979.06741
-163.823664,91,6983.770908
-275.576182,90,6988.424767
-223.562252,90,6993.07888
-208.37447,89,6997.682627
-275.654408,89,7002.286855
-225.664828,90,7006.940624
-230.339647,90,7011.594507
-170.834058,90,7016.231432
-201.457512,90,7020.885318
-253.349303,90,7025.539552
-214.340477,90,7030.193128
-224.134097,90,7034.847042
-185.659536,89,7039.451136
-264.539127,89,7044.054957
-213.44884,89,7048.658648
-182.334335,90,7053.312528
-282.74168,90,7057.966483
-164.430938,89,7062.570264
-212.18008,91,7067.274251
-259.919989,89,7071.878091
-198.302361,89,7076.481922
-264.428104,90,7081.135865
-264.730492,91,7085.839806
-230.104762,89,7090.443636
-203.274309,89,7095.047526
-186.405508,90,7099.701445
-209.394864,89,7104.305245
-195.677019,89,7108.909128
-253.731447,103,7114.213551
-184.087241,90,7118.867481
-182.216975,90,7123.521585
-228.069691,90,7128.175273
-223.301503,90,7132.829168
-193.918063,89,7137.433008
-233.960636,90,7142.087008
-189.285669,91,7146.791045
-234.561552,89,7151.394738
-178.360434,90,7156.048823
-236.559905,90,7160.702646
-239.856364,89,7165.306444
-216.025732,89,7169.910244
-189.931196,90,7174.564304
-187.323217,90,7179.218177
-250.52858,90,7183.872172
-214.803324,89,7188.476133
-173.924297,90,7193.129828
-276.552777,90,7197.783689
-184.897409,90,7202.437803
-241.32579,89,7207.04163
-216.040677,89,7211.645317
-193.504445,90,7216.299232
-253.579966,89,7220.903111
-186.334189,90,7225.557424
-172.130336,90,7230.210888
-260.914716,89,7234.814738
-192.716952,90,7239.469397
-176.294174,90,7244.122619
-176.538145,89,7248.726329
-189.242166,89,7253.330206
-261.851178,89,7257.93412
-180.772288,90,7262.587979
-228.550079,90,7267.241919
-196.287637,89,7271.845687
-165.696223,89,7276.449619
-192.583293,89,7281.053438
-226.647698,90,7285.707329
-212.355375,89,7290.311218
-235.023343,90,7294.965132
-177.444864,89,7299.568989
-214.793882,89,7304.172839
-273.678834,90,7308.826729
-201.376487,89,7313.430573
-210.860086,90,7318.084599
-233.0135,91,7322.788503
-250.198035,89,7327.392302
-193.075324,90,7332.046195
-291.102589,90,7336.700054
-185.872566,89,7341.303946
-177.804885,90,7345.957837
-245.25949,90,7350.611711
-188.612,90,7355.265628
-166.701872,90,7359.919546
-188.461714,89,7364.523406
-161.675707,90,7369.177319
-253.418564,90,7373.831248
-223.817515,90,7378.485119
-191.370191,89,7383.088979
-178.277482,89,7387.692817
-268.397029,89,7392.29671
-218.390101,90,7396.950668
-261.162179,89,7401.554464
-257.081685,89,7406.158285
-173.540341,90,7410.812232
-161.409148,89,7415.416141
-270.230957,89,7420.019949
-240.994837,90,7424.673806
-203.143374,90,7429.327791
-267.295792,90,7433.981999
-174.344228,89,7438.585491
-194.6515,90,7443.239418
-178.708513,89,7447.843269
-229.688903,89,7452.447133
-215.492428,89,7457.050983
-179.14012,90,7461.704859
-193.867102,89,7466.30878
-285.167737,90,7470.962651
-183.447212,90,7475.616542
-204.82749,89,7480.220673
-201.508908,88,7484.774221
-271.521933,89,7489.37813
-174.19557,90,7494.032296
-189.283719,90,7498.686142
-260.72073,90,7503.339822
-256.244303,89,7507.943746
-173.962523,89,7512.547507
-240.66555,90,7517.201424
-249.56762,90,7521.855359
-226.388949,90,7526.509372
-209.092876,91,7531.213453
-177.069,89,7535.81702
-183.932119,90,7540.470964
-231.346133,90,7545.124839
-241.28302,89,7549.728994
-261.105769,89,7554.332562
-211.657594,89,7558.936424
-285.330631,89,7563.540341
-193.02629,89,7568.144121
-185.666111,89,7572.748645
-266.924441,90,7577.401958
-183.416037,89,7582.006182
-173.324741,90,7586.659647
-209.699979,89,7591.263539
-196.489981,90,7595.917488
-181.339242,90,7600.571285
-190.551748,89,7605.175184
-232.829222,89,7609.779107
-167.244099,90,7614.432958
-289.320358,90,7619.086921
-248.466202,90,7623.740731
-165.571352,90,7628.394605
-214.64922,89,7632.998513
-187.048914,90,7637.652474
-166.453732,89,7642.256376
-266.857628,90,7646.910183
-191.901455,89,7651.514403
-285.71893,89,7656.117947
-161.591716,89,7660.721775
-241.983707,90,7665.375679
-158.722968,89,7669.979794
-220.775681,90,7674.633656
-179.089132,90,7679.287319
-249.242622,90,7683.941211
-231.207497,89,7688.54523
-194.678942,90,7693.198968
-259.452099,90,7697.853212
-249.225294,90,7702.573483
-244.569351,90,7707.227395
-177.397042,90,7711.881572
-254.904022,90,7716.535173
-181.959631,89,7721.139393
-208.923013,89,7725.744698
-165.892093,90,7730.397109
-270.160008,90,7735.05073
-242.464452,90,7739.704867
-227.919293,89,7744.308587
-171.128674,90,7748.962374
-289.523244,89,7753.566333
-276.140528,89,7758.170086
-243.077958,90,7762.824384
-179.470097,90,7767.478153
-256.38919,89,7772.081737
-261.910781,89,7776.685611
-230.458614,90,7781.323251
-236.731225,89,7785.927017
-196.836648,90,7790.580869
-199.338911,89,7795.184628
-164.578788,89,7799.788436
-175.07172,90,7804.4422
-270.031925,89,7809.046448
-267.275764,89,7813.649943
-263.797621,89,7818.253809
-239.145641,90,7822.908139
-174.992194,89,7827.51171
-238.760579,90,7832.165524
-214.571265,90,7836.819448
-248.465655,89,7841.424441
-175.95389,89,7846.027482
-256.75102,90,7850.681018
-222.180701,89,7855.284832
-159.205432,89,7859.888718
-254.752622,89,7864.492579
-255.40755,90,7869.146466
-177.442397,89,7873.750436
-204.742535,90,7878.404246
-235.726307,90,7883.058151
-181.074019,89,7887.662037
-189.995687,90,7892.315903
-202.271041,90,7896.970209
-245.307602,90,7901.623691
-219.211084,90,7906.27761
-179.953055,89,7910.881479
-172.952269,90,7915.535368
-169.926392,90,7920.189255
-163.949751,90,7924.84356
-242.734402,89,7929.447021
-241.659642,90,7934.100902
-223.955875,89,7938.704823
-242.096073,89,7943.308634
-253.786212,89,7947.912632
-256.98641,89,7952.516331
-223.960725,89,7957.120406
-221.485467,89,7961.724404
-264.161169,89,7966.328113
-191.528788,89,7970.932059
-226.297379,90,7975.585903
-166.290091,89,7980.189747
-229.077921,90,7984.843587
-170.092805,89,7989.447514
-206.418313,89,7994.051309
-178.487508,89,7998.655586
-218.69664,90,8003.309084
-214.029175,89,8007.91303
-239.164407,89,8012.516747
-252.545975,90,8017.170688
-178.566362,89,8021.774501
-249.343264,90,8026.428802
-229.750854,89,8031.032662
-245.460197,90,8035.686124
-186.609625,89,8040.290004
-166.878173,90,8044.943896
-166.351908,89,8049.54775
-237.987477,90,8054.201647
-168.492198,89,8058.806282
-208.639015,89,8063.409694
-150.245255,89,8068.013535
-265.988916,89,8072.61713
-193.317499,90,8077.271074
-170.158526,89,8081.87492
-200.455961,89,8086.479524
-216.777696,90,8091.132553
-184.108062,89,8095.736442
-251.933743,89,8100.340328
-225.394462,89,8104.944434
-228.883519,90,8109.598051
-196.46737,90,8114.251992
-242.399918,90,8118.905855
-204.066614,90,8123.559769
-207.221709,90,8128.213687
-237.769129,89,8132.817538
-163.344467,89,8137.421393
-230.866988,90,8142.075281
-281.161824,90,8146.729198
-177.865964,90,8151.38345
-268.692202,89,8155.986971
-226.56822,89,8160.591096
-164.751177,90,8165.244997
-233.248621,90,8169.898957
-166.705795,90,8174.552492
-260.205151,91,8179.25646
-181.298505,89,8183.86031
-276.750165,89,8188.464211
-170.621802,88,8193.018004
-250.283112,90,8197.671911
-216.975397,89,8202.275754
-165.792168,89,8206.879667
-183.373452,89,8211.483534
-242.718352,90,8216.137365
-188.791358,89,8220.742146
-220.628711,89,8225.345087
-281.035493,89,8229.949369
-318.887867,102,8235.203384
-202.777198,89,8239.807227
-227.993133,91,8244.51114
-162.966791,90,8249.165148
-228.203933,89,8253.768976
-190.694314,89,8258.372802
-265.165463,90,8263.026703
-167.920409,89,8267.630558
-236.90007,89,8272.234426
-275.001022,90,8276.888332
-247.374989,91,8281.592286
-222.123044,90,8286.246172
-191.76531,89,8290.849968
-189.663579,89,8295.453933
-212.582503,89,8300.057729
-330.498737,95,8304.961909
-232.355988,90,8309.615864
-218.043166,89,8314.219913
-217.234088,90,8318.873496
-247.739135,90,8323.5275
-223.938004,89,8328.13127
-193.277617,89,8332.735177
-229.771343,90,8337.389025
-187.838914,90,8342.042944
-182.855413,90,8346.696798
-294.2313,89,8351.300678
-294.355213,90,8355.954636
-206.797328,90,8360.608485
-177.283075,90,8365.262365
-192.873043,90,8369.916368
-242.181908,90,8374.570182
-218.123077,90,8379.224105
-208.458318,90,8383.878007
-275.034724,89,8388.481865
-255.665535,90,8393.135808
-215.091164,89,8397.739693
-160.020454,89,8402.343543
-195.249612,90,8406.997657
-272.421237,90,8411.651381
-189.251419,90,8416.305258
-277.456304,89,8420.909255
-194.075887,89,8425.513107
-177.224958,90,8430.166805
-201.991419,89,8434.770641
-187.794585,89,8439.374508
-245.583712,90,8444.028412
-189.98816,89,8448.632324
-160.056566,90,8453.286547
-252.948881,89,8457.89006
-209.632181,90,8462.543956
-215.907992,90,8467.198218
-189.230027,89,8471.801712
-210.69889,90,8476.455639
-214.399631,90,8481.109493
-219.922994,89,8485.713686
-230.024803,90,8490.367285
-185.118608,90,8495.021361
-296.693027,90,8499.675082
-162.605954,90,8504.32898
-211.31135,89,8508.932886
-250.377672,89,8513.536756
-226.242755,90,8518.190659
-280.619381,89,8522.794452
-239.368283,89,8527.398469
-244.492089,89,8532.002151
-282.441978,90,8536.656148
-288.881878,90,8541.309981
-188.871289,89,8545.913856
-233.395687,89,8550.517723
-204.221815,89,8555.121566
-237.737092,89,8559.725494
-247.145572,90,8564.379331
-203.216518,90,8569.033292
-181.237988,89,8573.63712
-247.802227,89,8578.240967
-246.597708,90,8582.895115
-236.003195,90,8587.548981
-238.267858,89,8592.153133
-197.88611,90,8596.806521
-257.627973,90,8601.460514
-209.029591,90,8606.11428
-296.05511,89,8610.718183
-165.459193,89,8615.322326
-186.168968,90,8619.976218
-265.873235,90,8624.629814
-244.561339,90,8629.283902
-182.621012,89,8633.887699
-265.148075,89,8638.491511
-230.457091,89,8643.095363
-251.48149,90,8647.749316
-248.82467,89,8652.353102
-211.455181,90,8657.006981
-198.547532,89,8661.610903
-238.337069,89,8666.214766
-234.24605,89,8670.818524
-254.66045,89,8675.42252
-229.04176,89,8680.02627
-253.525323,90,8684.680167
-188.145443,89,8689.284022
-290.385208,90,8693.937923
-213.740997,89,8698.541766
-169.745669,89,8703.145684
-164.817767,90,8707.79962
-192.021947,89,8712.403426
-258.150492,91,8717.107351
-233.275209,90,8721.761239
-249.727892,89,8726.365107
-175.885557,90,8731.01901
-208.012945,90,8735.672896
-266.621905,90,8740.327976
-268.807941,90,8744.980969
-218.732881,89,8749.584624
-181.331763,90,8754.23873
-179.59932,89,8758.842466
-171.163886,89,8763.446177
-171.978182,89,8768.050128
-223.379434,89,8772.654127
-310.538088,89,8777.257919
-270.579474,89,8781.861736
-196.290086,89,8786.465643
-217.039641,90,8791.119531
-192.250532,89,8795.723511
-308.860508,90,8800.377227
-273.574653,90,8805.031223
-162.420755,89,8809.635038
-176.395636,90,8814.289208
-249.846219,89,8818.892909
-232.84459,90,8823.546599
-222.246398,89,8828.150456
-283.042233,90,8832.804382
-265.869845,89,8837.408243
-266.576746,89,8842.012458
-226.524709,89,8846.615967
-188.096503,89,8851.219913
-194.175521,91,8855.923755
-202.221404,90,8860.577682
-241.346404,90,8865.231573
-234.373771,90,8869.885476
-219.220381,90,8874.539371
-269.585026,90,8879.193196
-212.289191,90,8883.847149
-302.100187,96,8888.801273
-302.144933,89,8893.405152
-287.803798,89,8898.009475
-287.217258,89,8902.612947
-227.200452,89,8907.21675
-193.149969,90,8911.870688
-188.068337,90,8916.524571
-229.593772,89,8921.128415
-247.788682,89,8925.732255
-253.982445,89,8930.336142
-176.928643,90,8934.990096
-168.665164,89,8939.593873
-246.059198,90,8944.247889
-232.908136,90,8948.902394
-247.78166,89,8953.505589
-173.040092,90,8958.159436
-181.97732,89,8962.7633
-266.04403,90,8967.417387
-215.356945,89,8972.0213
-205.01269,89,8976.624908
-281.408175,90,8981.279094
-224.848425,90,8985.933175
-188.462944,90,8990.586632
-178.927331,89,8995.190504
-253.035086,90,8999.844384
-290.420073,90,9004.498586
-197.572369,90,9009.152236
-252.961416,90,9013.806093
-251.536142,89,9018.409934
-198.845618,89,9023.013887
-248.357381,89,9027.617723
-196.623697,90,9032.271579
-179.746173,90,9036.925486
-171.708251,89,9041.529371
-243.555475,90,9046.183306
-254.802061,89,9050.770409
-209.853882,90,9055.42453
-201.392621,90,9060.078644
-236.99247,89,9064.682158
-165.973182,90,9069.336
-234.87441,89,9073.939831
-266.519397,90,9078.593741
-166.054312,90,9083.247637
-246.356702,90,9087.90156
-254.611185,89,9092.505373
-189.506646,90,9097.1593
-217.16094,90,9101.796538
-246.051487,90,9106.450428
-175.662603,90,9111.087648
-216.457017,90,9115.741493
-234.149714,89,9120.346541
-280.118099,90,9124.999226
-229.84321,90,9129.653208
-200.272651,89,9134.257052
-228.852087,90,9138.910975
-233.958518,90,9143.564788
-239.815575,89,9148.168639
-250.613984,90,9152.822638
-228.664102,90,9157.476754
-213.932515,89,9162.080663
-178.33283,89,9166.684195
-203.949032,90,9171.338135
-187.517082,90,9175.992064
-245.689907,90,9180.64606
-247.995122,89,9185.249789
-251.968606,89,9189.853671
-240.501425,90,9194.507625
-210.607635,90,9199.161507
-249.598871,90,9203.815435
-340.443799,103,9209.119804
-156.616939,89,9213.723743
-232.390338,89,9218.327556
-237.926693,89,9222.931412
-187.826308,90,9227.585312
-219.415952,90,9232.239171
-283.462517,90,9236.893121
-246.158905,90,9241.547015
-205.924592,91,9246.251281
-251.214257,89,9250.854833
-185.385492,89,9255.458773
-258.616633,89,9260.062511
-246.746017,89,9264.667036
-253.928794,90,9269.320574
-227.527313,90,9273.974175
-194.585387,91,9278.678135
-166.797348,89,9283.281997
-181.444571,90,9287.9359
-183.169416,89,9292.539755
-208.506117,90,9297.19366
-170.397717,89,9301.799313
-234.836705,89,9306.401333
-216.610187,90,9311.056064
-167.324317,90,9315.709311
-256.616709,90,9320.363057
-188.155348,89,9324.966905
-287.511386,90,9329.62095
-217.13059,89,9334.225046
-184.013213,90,9338.878602
-170.035587,89,9343.482445
-216.359794,89,9348.086661
-197.340217,89,9352.690174
-282.198845,89,9357.29403
-252.747715,90,9361.94837
-160.602696,89,9366.551815
-289.270313,89,9371.155834
-154.751289,89,9375.759745
-217.585082,89,9380.363349
-197.989262,89,9384.967203
-251.395556,90,9389.621377
-221.777114,89,9394.224958
-261.078777,90,9398.879108
-173.986892,90,9403.533087
-195.048764,89,9408.136662
-175.510278,89,9412.740637
-263.500868,90,9417.39437
-249.639511,89,9421.998269
-288.150009,89,9426.602437
-169.615592,89,9431.206096
-244.522599,89,9435.809859
-179.401377,89,9440.413718
-231.975204,89,9445.017543
-261.018244,89,9449.621435
-186.63206,89,9454.225276
-241.006502,90,9458.879146
-202.745312,89,9463.483047
-271.290588,89,9468.086894
-177.766899,90,9472.740839
-183.576605,90,9477.394704
-174.492622,89,9481.998525
-259.646015,90,9486.652436
-234.029166,89,9491.256336
-197.337741,89,9495.860204
-193.118769,89,9500.464017
-246.833116,90,9505.117965
-173.582933,89,9509.721831
-231.589364,89,9514.32564
-269.857157,89,9518.929513
-239.427718,89,9523.533397
-267.323785,89,9528.137243
-268.784891,90,9532.791365
-191.184543,89,9537.395276
-160.603935,89,9541.998825
-263.869521,89,9546.602772
-195.899199,89,9551.206592
-190.939195,90,9555.860737
-171.118186,89,9560.464649
-263.224121,89,9565.068573
-174.199316,90,9569.722523
-237.815467,89,9574.326236
-259.559348,89,9578.92989
-289.894529,90,9583.583934
-240.260501,89,9588.18795
-236.645049,90,9592.824872
-188.779825,90,9597.478782
-205.691372,89,9602.082639
-192.20684,89,9606.686924
-183.590369,90,9611.340978
-258.856539,89,9615.944508
-234.518309,90,9620.598062
-170.327243,90,9625.252004
-240.478593,90,9629.906146
-225.915241,89,9634.50973
-232.504696,89,9639.113614
-267.121821,90,9643.767524
-182.26608,89,9648.371356
-197.042425,90,9653.025283
-186.884463,90,9657.679171
-180.357293,90,9662.33354
-179.601659,89,9666.936896
-168.13403,89,9671.540762
-227.958674,90,9676.194696
-229.100802,89,9680.79863
-209.045607,89,9685.385789
-190.527645,89,9689.98965
-228.90354,90,9694.643486
-252.19917,89,9699.23064
-187.183719,89,9703.834518
-152.686237,89,9708.438351
-176.576362,89,9713.025482
-254.261489,89,9717.62937
-232.533815,90,9722.28337
-256.995425,89,9726.887172
-269.773177,90,9731.541042
-263.741002,89,9736.144948
-227.379777,90,9740.798764
-159.90877,89,9745.402608
-247.750201,89,9750.008134
-213.794397,89,9754.610395
-187.900727,90,9759.26489
-245.442175,90,9763.901477
-250.777647,89,9768.505274
-280.192567,90,9773.159299
-214.587424,89,9777.763117
-177.721856,90,9782.417112
-171.934418,89,9787.020917
-180.785877,90,9791.674867
-198.039673,89,9796.278605
-173.408897,90,9800.932565
-190.145274,90,9805.569761
-217.038098,89,9810.173639
-202.687668,89,9814.777622
-187.756327,89,9819.381347
-239.607922,89,9823.985221
-262.442918,89,9828.589171
-226.512581,90,9833.242996
-210.351041,90,9837.896907
-177.543086,89,9842.484148
-267.569312,89,9847.087928
-218.879395,90,9851.741919
-204.690603,89,9856.345764
-180.447044,90,9860.999569
-205.539231,89,9865.603713
-262.275048,90,9870.257424
-229.585526,89,9874.861221
-243.303125,90,9879.515097
-174.234484,89,9884.118975
-255.48209,89,9888.706143
-233.621807,89,9893.309984
-258.504156,90,9897.963959
-207.604535,90,9902.617823
-184.533187,89,9907.221673
-235.565668,90,9911.875542
-260.096102,89,9916.479438
-165.175755,90,9921.13339
-205.132073,90,9925.787224
-257.26632,90,9930.441327
-221.065461,90,9935.095129
-205.813755,89,9939.699043
-261.21958,89,9944.30275
-216.318413,89,9948.906618
-199.419961,89,9953.510445
-206.467459,89,9958.114327
-201.715811,89,9962.718197
-255.75414,90,9967.372134
-224.468819,90,9972.025956
-238.60222,90,9976.679945
-218.125033,90,9981.333811
-251.346199,90,9985.971048
-243.881283,90,9990.62493
-197.145542,89,9995.228796
-202.085655,89,9999.832639
-173.298933,90,10004.486552
-256.21643,90,10009.140699
-240.082104,89,10013.744314
-169.024531,90,10018.398268
-272.840291,90,10023.052347
-256.403821,89,10027.655968
-168.082955,90,10032.309833
-253.985547,89,10036.913702
-176.480292,90,10041.567934
-188.889489,89,10046.171452
-209.781346,90,10050.825357
-203.86372,89,10055.429284
-200.683843,89,10060.033179
-241.349553,89,10064.636951
-268.724498,89,10069.240791
-190.329788,90,10073.8947
-236.481627,90,10078.548841
-153.222654,89,10083.152665
-187.391994,90,10087.806396
-209.015183,90,10092.460364
-233.81834,89,10097.064381
-208.149202,90,10101.718018
-265.867645,89,10106.321892
-190.520766,90,10110.97606
-167.5455,89,10115.579884
-183.665444,90,10120.233581
-180.262445,89,10124.837416
-227.151553,90,10129.491308
-241.629335,89,10134.095192
-175.937864,90,10138.749089
-258.852094,90,10143.403508
-273.52814,90,10148.056896
-168.652028,89,10152.660755
-226.537708,90,10157.31462
-240.004267,89,10161.919082
-229.234503,89,10166.505685
-178.554616,89,10171.109537
-223.816337,89,10175.713525
-299.464987,90,10180.367415
-290.162258,89,10184.971155
-172.466564,90,10189.625069
-215.452014,89,10194.228919
-183.314549,89,10198.833
-232.16121,90,10203.486884
-181.556319,90,10208.140745
-181.732781,89,10212.744545
-242.346004,90,10217.398426
-240.259738,90,10222.052238
-251.658416,90,10226.706117
-181.852071,89,10231.310015
-263.94004,89,10235.913864
-240.442654,89,10240.517725
-233.367562,90,10245.171635
-240.639047,89,10249.775607
-160.711088,89,10254.379365
-184.377274,90,10259.033233
-276.443312,89,10263.637102
-317.608742,91,10268.341052
-244.358517,90,10272.994938
-250.409776,89,10277.598773
-262.227241,90,10282.252753
-190.313807,90,10286.973624
-167.075349,89,10291.57717
-181.858832,89,10296.18103
-231.852593,90,10300.834988
-220.756183,90,10305.488853
-277.345129,89,10310.092704
-170.149751,90,10314.746611
-198.794571,90,10319.40049
-263.064043,89,10324.004371
-253.276576,90,10328.658257
-247.958936,89,10333.262342
-246.429378,90,10337.916276
-271.913032,90,10342.570189
-243.796948,89,10347.173956
-245.900483,90,10351.827762
-196.302544,89,10356.431759
-177.425243,90,10361.085602
-252.998144,90,10365.739805
-241.024291,89,10370.343378
-229.46486,90,10374.997227
-206.874308,89,10379.601366
-260.869905,89,10384.204988
-232.557584,90,10388.858831
-198.357734,89,10393.462751
-306.055676,90,10398.116682
-272.957893,89,10402.720478
-240.014685,90,10407.37439
-204.052475,89,10411.978268
-160.871687,89,10416.582077
-243.416682,89,10421.186027
-260.868971,89,10425.773022
-160.365453,89,10430.37721
-417.48272,122,10436.632302
-403.715866,122,10442.887653
-221.548709,89,10447.491238
-300.623491,90,10452.145567
-240.859051,89,10456.748985
-296.58691,89,10461.352844
-173.953555,89,10465.956725
-206.406238,90,10470.610664
-229.354043,90,10475.26453
-243.304117,90,10479.918435
-288.38291,90,10484.572331
-234.95809,89,10489.176249
-181.788018,89,10493.780049
-189.378118,89,10498.383894
-211.979616,90,10503.037787
-264.78739,89,10507.641663
-233.629167,90,10512.295542
-160.125554,89,10516.899432
-169.353285,89,10521.503489
-164.762467,90,10526.157189
-174.414023,89,10530.761041
-262.14783,90,10535.415058
-224.453587,89,10540.018913
-159.44064,89,10544.622652
-225.283669,90,10549.27654
-209.949399,89,10553.880391
-232.156892,90,10558.534289
-252.989452,90,10563.188216
-224.054437,89,10567.792415
-193.327975,89,10572.39624
-171.230568,89,10576.999809
-168.255001,90,10581.653903
-197.767285,89,10586.257559
-260.356964,89,10590.86143
-179.65186,90,10595.515307
-274.461154,89,10600.119175
-170.253404,90,10604.773073
-176.317399,89,10609.376935
-228.856965,89,10613.980802
-210.353313,89,10618.584668
-237.476464,90,10623.238577
-165.397091,89,10627.842452
-178.503129,89,10632.446252
-238.94096,89,10637.05011
-168.943238,90,10641.704011
-263.100227,90,10646.358035
-260.388335,90,10651.011921
-179.73071,90,10655.665737
-174.837777,90,10660.319625
-242.859317,89,10664.923509
-173.732432,90,10669.577423
-194.806865,89,10674.181278
-180.414323,90,10678.835212
-172.128221,90,10683.489091
-233.034133,90,10688.143006
-177.897776,89,10692.746808
-216.77015,89,10697.350723
-200.0732,89,10701.954623
-249.296991,91,10706.658503
-221.280828,89,10711.262391
-188.459132,89,10715.866193
-254.122829,89,10720.470099
-179.296029,89,10725.073957
-225.121697,89,10729.677779
-243.421012,89,10734.281732
-233.107466,89,10738.885512
-162.565781,89,10743.489392
-169.129218,89,10748.093247
-251.409768,89,10752.697098
-300.989189,89,10757.300938
-190.905515,89,10761.904834
-275.715096,90,10766.558703
-216.980831,89,10771.162597
-229.577616,90,10775.816496
-263.160904,90,10780.470397
-231.015682,90,10785.124255
-259.809707,89,10789.728393
-258.549856,89,10794.331977
-192.621841,89,10798.936196
-179.966747,89,10803.539792
-182.942326,89,10808.143878
-194.784398,89,10812.747913
-236.263975,89,10817.351287
-225.740473,90,10822.005231
-259.856849,88,10826.559034
-247.552957,90,10831.213183
-214.594529,90,10835.866818
-163.656273,90,10840.520731
-191.044599,89,10845.124734
-266.390102,89,10849.728524
-207.724536,90,10854.382399
-250.028764,90,10859.01994
-187.028897,89,10863.623736
-198.384257,90,10868.277674
-193.811489,89,10872.881424
-218.529737,90,10877.535094
-229.288492,90,10882.188957
-170.627528,89,10886.793168
-263.495964,89,10891.396708
-236.006981,90,10896.050959
-260.768324,89,10900.654436
-173.530209,90,10905.309162
-212.2645,90,10909.962551
-236.41409,90,10914.599811
-216.465452,88,10919.153312
-189.626936,89,10923.757331
-250.532396,89,10928.361085
-212.183775,89,10932.96495
-246.894726,90,10937.602325
-204.813322,89,10942.2059
-297.467611,90,10946.85989
-238.573329,89,10951.44704
-166.847925,89,10956.050869
-225.999056,90,10960.704813
-253.424287,91,10965.408747
-241.76753,89,10970.012995
-216.126727,90,10974.666473
-250.926394,90,10979.320686
-211.559357,90,10983.95762
-192.590712,90,10988.611541
-202.165739,89,10993.215348
-257.573546,90,10997.869247
-207.055194,89,11002.473194
-221.808876,89,11007.07699
-219.392664,89,11011.681085
-238.288728,90,11016.334779
-212.161047,89,11020.93879
-229.114911,89,11025.54246
-194.288305,90,11030.196378
-288.495118,89,11034.800887
-221.957898,90,11039.45418
-219.300276,89,11044.057999
-272.675813,90,11048.711869
-191.526173,90,11053.365796
-165.488574,90,11058.019671
-208.096866,89,11062.623529
-201.220769,89,11067.227466
-186.430745,89,11071.831243
-207.836564,89,11076.435097
-204.091262,90,11081.089
-284.252246,90,11085.742996
-211.338879,90,11090.396844
-209.032643,89,11095.000701
-267.32197,90,11099.654601
-186.125433,89,11104.258469
-172.662759,89,11108.862316
-252.326383,90,11113.516238
-158.913979,89,11118.120129
-185.115874,89,11122.724079
-176.610696,89,11127.328044
-204.638757,89,11131.931672
-191.477038,90,11136.585802
-243.118288,90,11141.239688
-235.909903,90,11145.89342
-208.629126,90,11150.547322
-206.946456,90,11155.201399
-264.58797,90,11159.855286
-237.403106,90,11164.509126
-230.025485,90,11169.163764
-189.138493,90,11173.816872
-233.99597,88,11178.370655
-194.166746,90,11183.024592
-182.771307,89,11187.628448
-189.572022,90,11192.282321
-242.586888,90,11196.936349
-300.709928,90,11201.590154
-211.925453,90,11206.227376
-181.593618,90,11210.88116
-171.826648,89,11215.485113
-183.173491,91,11220.189227
-220.810612,90,11224.843009
-295.763362,90,11229.496769
-276.106104,89,11234.100637
-232.364911,90,11238.754613
-212.997952,89,11243.358376
-226.359461,90,11248.012301
-216.33729,90,11252.66627
-275.494724,90,11257.320059
-168.264599,90,11261.973966
-187.005762,91,11266.677939
-215.887143,89,11271.281863
-175.195114,89,11275.885681
-245.171213,89,11280.489646
-169.195864,89,11285.093362
-232.65796,90,11289.747262
-224.346438,90,11294.40119
-211.891777,90,11299.055385
-177.374646,89,11303.658955
-180.508484,90,11308.31289
-169.76234,90,11312.966758
-248.175303,90,11317.620655
-171.056397,89,11322.22454
-257.893429,90,11326.878412
-252.820089,90,11331.532295
-239.721441,90,11336.186449
-167.979176,89,11340.790141
-227.534331,89,11345.393887
-266.764976,90,11350.047895
-216.358155,90,11354.701733
-293.30303,90,11359.355692
-180.456594,90,11364.009564
-222.151336,90,11368.663476
-295.785207,90,11373.31744
-281.554781,89,11377.921267
-271.221543,90,11382.575101
-205.757454,90,11387.229002
-195.469906,91,11391.932937
-229.505174,90,11396.586837
-214.344929,90,11401.240722
-235.524572,90,11405.894655
-221.065773,89,11410.49854
-210.21708,90,11415.152696
-262.504141,89,11419.756645
-227.605677,90,11424.410238
-165.711987,89,11429.01402
-198.543261,90,11433.667958
-193.423479,89,11438.272153
-174.76029,90,11442.925708
-242.266699,89,11447.529663
-248.689705,90,11452.18346
-198.160135,89,11456.787317
-229.217739,90,11461.441489
-227.787323,90,11466.095199
-264.069907,90,11470.749035
-195.626401,89,11475.353412
-209.472917,90,11480.006792
-250.265056,91,11484.710777
-197.494255,90,11489.364656
-209.790826,89,11493.968536
-221.65045,90,11498.622376
-188.970715,90,11503.276296
-161.385985,90,11507.93021
-231.699923,90,11512.584106
-273.545942,90,11517.238004
-171.06248,90,11521.891987
-255.797012,90,11526.545888
-189.346671,90,11531.199834
-199.282131,90,11535.853616
-200.057222,89,11540.457658
-179.458054,89,11545.06144
-266.269568,89,11549.665211
-250.622571,90,11554.319092
-169.18311,89,11558.922945
-244.735811,90,11563.57685
-215.154751,89,11568.18077
-192.653956,90,11572.834794
-261.657857,90,11577.488495
-201.631931,91,11582.19238
-195.691093,90,11586.846347
-219.719787,90,11591.500191
-223.772501,90,11596.154155
-272.837802,90,11600.807987
-252.71213,91,11605.512076
-190.319476,89,11610.115889
-165.145247,90,11614.769772
-281.953309,90,11619.42374
-233.701327,90,11624.077585
-170.77918,90,11628.731565
-266.440571,90,11633.385347
-170.127774,90,11638.039372
-223.346652,91,11642.743276
-296.139999,90,11647.397202
-271.863981,89,11652.001029
-254.123449,90,11656.654965
-170.399338,90,11661.3088
-239.485216,90,11665.963164
-258.375495,90,11670.616768
-266.06025,89,11675.221279
-224.773485,89,11679.825216
-314.342263,90,11684.478232
-231.553871,90,11689.132226
-276.926476,90,11693.78606
-268.663523,91,11698.489974
-202.085021,89,11703.093853
-223.287885,90,11707.74793
-172.491536,90,11712.401618
-218.74826,91,11717.105615
-200.731798,90,11721.759559
-171.464443,90,11726.41334
-203.74066,90,11731.067298
-295.403244,90,11735.721176
-175.920003,90,11740.375131
-213.774217,90,11745.029209
-195.156087,89,11749.632898
-213.195329,90,11754.286769
-221.293345,90,11758.940785
-275.671585,91,11763.644601
-192.589227,89,11768.248486
-171.946731,90,11772.902687
-228.252693,89,11777.506495
-168.585746,90,11782.143491
-176.183864,90,11786.797326
-190.39822,90,11791.451309
-268.792755,90,11796.10514
-259.480668,89,11800.709319
-237.817309,90,11805.362949
-298.878588,90,11810.016964
-267.705023,89,11814.620685
-195.536317,89,11819.224608
-230.92585,90,11823.878439
-234.378238,90,11828.532717
-209.640117,90,11833.186499
-239.442662,90,11837.840131
-234.150503,91,11842.544328
-211.416183,89,11847.147952
-287.675161,90,11851.801853
-263.223617,89,11856.405716
-222.767061,89,11861.00955
-172.846056,91,11865.7135
-244.319345,90,11870.367387
-182.920796,90,11875.021256
-200.932515,90,11879.675188
-171.533889,90,11884.3291
-212.463717,89,11888.932965
-247.570761,90,11893.586873
-249.962752,90,11898.24073
-195.139571,89,11902.844633
-266.404072,91,11907.548548
-255.893041,90,11912.202462
-211.091321,90,11916.856384
-240.614287,89,11921.460246
-268.824005,90,11926.114229
-176.241276,89,11930.718138
-289.716199,89,11935.321825
-167.020116,90,11939.975781
-281.043569,90,11944.629733
-208.690534,90,11949.283648
-191.643523,90,11953.937804
-193.011941,90,11958.591595
-205.566015,91,11963.295429
-231.689691,90,11967.949765
-250.519313,90,11972.603153
-233.767923,90,11977.257044
-255.362196,90,11981.911265
-242.979397,90,11986.564881
-173.079979,89,11991.168826
-217.397717,89,11995.773042
-182.608395,90,12000.42679
-172.198968,91,12005.130742
-205.910135,90,12009.78429
-173.665227,90,12014.43823
-171.492085,91,12019.142123
-256.972963,90,12023.796029
-169.436144,90,12028.44996
-177.501312,90,12033.103831
-247.611938,89,12037.707725
-177.155104,90,12042.361646
-253.503904,89,12046.965457
-245.27068,89,12051.56934
-198.198745,90,12056.22328
-213.772141,90,12060.87711
-176.664799,90,12065.531016
-170.84012,89,12070.118536
-203.029601,90,12074.772149
-201.866706,89,12079.375947
-235.433703,89,12083.979826
-253.996309,90,12088.633745
-235.225372,89,12093.237632
-158.021126,89,12097.841464
-172.042332,89,12102.445358
-178.744823,90,12107.099204
-185.963032,90,12111.753095
-226.997644,90,12116.407037
-178.500317,90,12121.061013
-227.013711,90,12125.71484
-175.526569,90,12130.368959
-219.709392,90,12135.006266
-188.703205,89,12139.609802
-236.303557,89,12144.213648
-226.793745,90,12148.867573
-191.607428,90,12153.521415
-232.882663,90,12158.175373
-171.204307,89,12162.779216
-266.358875,90,12167.433117
-252.931856,90,12172.087012
-175.292787,89,12176.690867
-259.860575,90,12181.344772
-213.352956,90,12185.998676
-172.418655,90,12190.652578
-165.646839,89,12195.256439
-223.13083,89,12199.860737
-241.08452,90,12204.514327
-203.362001,89,12209.118068
-165.880201,89,12213.721909
-284.00267,91,12218.426151
-356.500307,101,12223.630233
-240.930869,90,12228.284158
-266.967731,89,12232.888069
-265.344172,89,12237.491929
-208.786293,89,12242.096682
-166.424199,90,12246.749597
-220.117158,90,12251.403514
-228.043603,90,12256.057416
-199.967066,90,12260.711349
-240.629902,90,12265.365491
-250.684353,90,12270.019149
-222.179773,90,12274.673006
-253.541305,90,12279.327406
-214.235812,89,12283.930809
-235.621528,90,12288.584691
-256.38436,89,12293.188549
-171.826285,89,12297.792746
-185.496981,89,12302.396332
-210.201393,89,12307.000207
-206.397787,90,12311.653939
-252.912193,90,12316.307869
-184.92268,89,12320.911779
-201.905052,90,12325.565683
-239.386385,90,12330.219579
-184.717085,89,12334.823466
-180.825622,90,12339.477346
-176.998526,89,12344.081225
-170.100502,89,12348.685128
-173.493276,90,12353.339056
-200.693638,90,12357.992884
-234.451359,89,12362.596723
-206.330412,90,12367.250694
-240.319921,89,12371.854484
-259.219719,89,12376.458354
-234.8589,89,12381.062383
-170.881116,90,12385.716198
-184.4649,89,12390.319972
-189.17735,90,12394.973864
-198.081199,90,12399.627762
-190.917352,89,12404.231619
-231.851648,90,12408.885557
-205.722949,89,12413.489382
-203.35602,89,12418.093234
-189.151985,90,12422.747166
-216.117242,90,12427.401194
-162.061311,89,12432.004927
-208.212049,90,12436.658789
-166.375565,89,12441.262679
-248.499207,89,12445.866556
-205.36623,90,12450.521247
-181.935669,91,12455.224601
-174.306827,90,12459.861713
-188.493272,89,12464.465485
-209.356002,90,12469.119661
-215.325563,89,12473.723249
-219.678371,90,12478.377361
-180.333621,91,12483.081082
-254.132755,89,12487.685027
-171.780734,89,12492.288802
-256.961603,89,12496.892675
-174.838256,89,12501.496504
-230.59064,90,12506.150408
-228.450478,91,12510.854352
-200.035237,90,12515.508499
-276.095588,90,12520.162128
-232.088302,89,12524.766012
-236.498493,89,12529.36988
-221.207578,90,12534.024139
-194.174601,90,12538.677967
-198.882891,89,12543.281534
-200.073864,90,12547.935792
-196.60067,90,12552.589323
-177.916564,90,12557.243291
-213.48259,89,12561.847917
-237.097434,89,12566.451001
-168.491118,89,12571.055194
-205.356758,90,12575.709075
-209.650157,90,12580.362861
-251.124975,90,12585.016754
-232.945353,90,12589.670433
-286.556104,90,12594.324337
-241.833872,89,12598.928183
-182.558494,91,12603.632162
-175.926532,90,12608.286429
-195.015418,90,12612.940223
-173.565559,89,12617.544032
-213.903628,90,12622.197682
-246.664305,89,12626.801526
-188.305318,90,12631.455557
-196.864441,90,12636.109432
-180.029935,89,12640.713214
-191.40165,90,12645.367143
-171.861354,89,12649.971
-269.803828,89,12654.574814
-188.69193,90,12659.228732
-250.384546,89,12663.832573
-296.150896,90,12668.486519
-181.920255,89,12673.090359
-174.247848,90,12677.74428
-233.389425,91,12682.44822
-165.101059,90,12687.102131
-218.047266,90,12691.756018
-159.519576,89,12696.359869
-232.759748,90,12701.013765
-276.096213,89,12705.617708
-200.092307,90,12710.254902
-214.560308,90,12714.90873
-184.20373,90,12719.562651
-255.54704,89,12724.166633
-227.813365,89,12728.770538
-255.306015,91,12733.474317
-211.445596,89,12738.078159
-177.906437,89,12742.682145
-191.274666,89,12747.285925
-253.774283,90,12751.940213
-187.105174,89,12756.543785
-155.968761,90,12761.197628
-222.241762,89,12765.801791
-165.628654,90,12770.455879
-235.233676,89,12775.059294
-264.936115,90,12779.713602
-221.972627,89,12784.317038
-202.096332,90,12788.954246
-288.566622,89,12793.558122
-226.083008,90,12798.212038
-240.90095,90,12802.865821
-201.194878,90,12807.519783
-162.171209,90,12812.173618
-195.507031,89,12816.777547
-184.874137,90,12821.431458
-157.767909,89,12826.035342
-180.088389,89,12830.639117
-239.866312,90,12835.309684
-196.921886,90,12839.963519
-173.287065,90,12844.617977
-207.044091,89,12849.221371
-245.263319,89,12853.825797
-185.57397,89,12858.429171
-232.117894,90,12863.083313
-194.321332,90,12867.736861
