#{"t_start": 1767852628.9260564, "env_id": "None"}
r,l,t
-1300.60538,500,24.720315
-1383.525496,500,49.891456
-1379.970565,500,75.045883
-1124.162287,500,100.217001
-1111.572057,500,125.388316
-1471.182622,500,150.559305
-1299.288481,500,175.730424
-1373.07107,500,200.901476
-1212.717185,500,226.072468
-1071.854466,500,251.24364
-1120.509098,500,276.414737
-1000.544811,500,301.585834
-702.32774,403,321.903008
-657.041585,403,342.219901
-507.415782,301,357.432692
-364.732217,307,372.945705
-456.628448,243,385.256003
-381.884762,196,395.197652
-246.376874,139,402.303625
-283.085879,156,410.260293
-249.497341,159,418.367138
-288.566907,155,426.273741
-243.867299,129,432.879325
-229.190149,125,439.284601
-178.20006,113,445.089626
-199.082398,121,451.294676
-254.021073,136,458.23385
-191.489085,124,464.58917
-178.058251,110,470.243896
-167.592452,111,475.948701
-72.159642,122,482.204008
-174.254989,122,488.460007
-177.765255,107,493.963786
-200.874717,111,499.668559
-217.60539,118,505.723665
-148.844866,100,510.878017
-178.762828,106,516.332514
-170.897195,101,521.536917
-167.699067,103,526.841373
-162.469144,101,532.045698
-206.39768,117,538.050753
-172.049718,100,543.205087
-157.666551,100,548.359374
-158.031312,97,553.36358
-156.492901,98,558.417824
-149.131313,97,563.422014
-205.92371,111,569.126786
-148.532766,98,574.181044
-140.722063,98,579.235286
-150.782214,96,584.189832
-188.739597,109,589.794135
-200.973103,108,595.348795
-212.539762,109,600.953567
-154.967206,106,606.408132
-143.312068,99,611.512316
-196.1558,107,617.017301
-47.236538,106,622.471545
-147.888576,95,627.3757
-207.466275,108,632.930684
-218.37155,111,638.635448
-156.394213,102,643.889479
-154.833368,100,649.043808
-155.51153,101,654.248482
-147.203343,97,659.2356
-158.732642,100,664.390011
-147.315773,99,669.494245
-158.312199,105,674.89887
-156.28763,105,680.303319
-162.688246,98,685.357597
-153.377193,114,691.212476
-151.534669,100,696.3668
-157.110315,101,701.571511
-168.155716,132,708.327471
-152.050112,110,713.981864
-156.977791,107,719.486202
-156.456972,112,725.241002
-156.862858,108,730.79592
-153.11051,112,736.550517
-164.695974,129,743.156036
-162.145619,113,748.960883
-66.316601,101,754.165753
-157.617934,104,759.51979
-161.97079,110,765.17472
-139.386831,96,770.128662
-145.859336,92,774.882729
-58.808416,100,780.03704
-153.683302,95,784.941054
-150.386179,99,790.045619
-155.262907,96,794.999556
-154.82242,103,800.304136
-156.131701,103,805.608398
-154.033715,107,811.113366
-166.008228,101,816.317372
-147.077389,101,821.52173
-151.400004,102,826.776138
-156.107001,102,832.030512
-152.537636,102,837.284958
-150.553211,100,842.439235
-149.358369,103,847.743705
-151.003037,96,852.697917
-149.65924,99,857.802159
-161.001309,99,862.906423
-148.718211,98,867.960606
-148.0467,97,872.964856
-156.520569,101,878.169258
-62.760231,106,883.62377
-154.681299,99,888.728067
-148.536387,97,893.732221
-57.680756,102,898.986727
-58.938483,111,904.691417
-145.432869,98,909.745934
-62.593529,110,915.400391
-39.794668,99,920.504689
-52.426819,100,925.659114
-62.206784,102,930.913422
-59.384847,109,936.518299
-58.054225,110,942.172964
-49.904612,100,947.327307
-42.270548,100,952.465801
-141.294766,97,957.452362
-45.823991,101,962.656763
-142.481015,95,967.561005
-137.276613,93,972.364908
-139.221851,94,977.219392
-147.024795,94,982.073144
-145.51711,94,986.927418
-149.067496,93,991.731174
-171.209679,106,997.185684
-139.637282,92,1001.939611
-140.750397,93,1006.743657
-148.627663,92,1011.498204
-150.619578,92,1016.251635
-150.011882,93,1021.039008
-148.935532,94,1025.893058
-152.263735,95,1030.797632
-154.300073,97,1035.80138
-148.477427,101,1041.005713
-142.164554,95,1045.909822
-148.570127,106,1051.364428
-47.046585,100,1056.518761
-163.809812,112,1062.273565
-41.273752,100,1067.427853
-57.644199,102,1072.682249
-53.838448,102,1077.936776
-178.515767,160,1086.093517
-54.556688,102,1091.347941
-62.928567,104,1096.702408
-50.475368,107,1102.207025
-50.576759,101,1107.411381
-50.922608,102,1112.666222
-59.054995,103,1117.970534
-54.181751,108,1123.524873
-46.019036,104,1128.879349
-58.664267,100,1134.033684
-56.353743,108,1139.588341
-56.094527,101,1144.792755
-57.937604,101,1149.997074
-52.359032,98,1155.051326
-51.028182,101,1160.255645
-60.217388,101,1165.460025
-49.762927,105,1170.864566
-58.308174,101,1176.068945
-45.761769,101,1181.273371
-55.18684,100,1186.427631
-58.650559,102,1191.682051
-48.532484,99,1196.786671
-44.902902,100,1201.940668
-41.183067,98,1206.994838
-43.575971,99,1212.099124
-44.362538,99,1217.20349
-45.046057,100,1222.357795
-52.695757,100,1227.51204
-45.810002,99,1232.616354
-49.068302,99,1237.720624
-63.260826,101,1242.925
-51.653083,101,1248.129617
-50.594026,102,1253.383643
-47.565141,99,1258.487931
-46.317976,101,1263.692442
-57.806857,101,1268.897258
-53.292594,103,1274.201203
-53.645583,100,1279.355496
-50.586443,100,1284.509889
-44.064598,99,1289.614116
-49.762299,100,1294.768422
-40.238259,99,1299.872711
-51.511193,100,1305.027053
-48.35318,101,1310.231443
-54.770731,100,1315.385759
-48.036117,99,1320.490004
-160.245006,110,1326.144726
-51.823829,102,1331.399142
-43.414878,98,1336.453401
-44.033877,99,1341.557695
-153.887918,106,1347.012244
-45.004939,99,1352.116478
-47.664181,99,1357.22079
-37.021765,100,1362.375104
-57.542619,100,1367.529451
-51.403346,99,1372.633698
-49.067389,99,1377.738222
-43.156282,99,1382.842226
-42.823222,99,1387.94682
-37.096567,99,1393.050908
-44.881,102,1398.30577
-46.699493,99,1403.409476
-46.177075,99,1408.513765
-39.641914,98,1413.568043
-44.059734,100,1418.722343
-52.709359,98,1423.77654
-35.347505,98,1428.830849
-60.884539,108,1434.385458
-54.311004,99,1439.489763
-40.453669,100,1444.644153
-43.36789,100,1449.798369
-44.945352,102,1455.052796
-40.270377,101,1460.257213
-47.466867,99,1465.361511
-50.925315,100,1470.515907
-41.823079,102,1475.770187
-38.660413,99,1480.87473
-46.185925,99,1485.978974
-48.533305,99,1491.066581
-35.018618,99,1496.170974
-48.154101,98,1501.224818
-49.703693,100,1506.379446
-53.721699,100,1511.534255
-41.205851,100,1516.687836
-38.159373,99,1521.792079
-49.181479,99,1526.89634
-46.134696,99,1532.000606
-42.776225,99,1537.104942
-48.226399,100,1542.259406
-34.958498,98,1547.313469
-49.85134,99,1552.418323
-46.417042,100,1557.572095
-47.13248,99,1562.676364
-40.26744,99,1567.780731
-42.934544,100,1572.934958
-45.957174,99,1578.039255
-40.758089,101,1583.243572
-43.298205,99,1588.347866
-43.942409,101,1593.552229
-52.512652,100,1598.706566
-35.877087,100,1603.860863
-45.19628,99,1608.965178
-37.283105,100,1614.11946
-56.927242,133,1620.925208
-40.675819,101,1626.129895
-45.291517,101,1631.333886
-31.50912,98,1636.388165
-44.327272,98,1641.442409
-157.643711,120,1647.58083
-46.729189,99,1652.685139
-40.660095,99,1657.789396
-38.505313,99,1662.893684
-38.155253,101,1668.098035
-51.610451,99,1673.20312
-42.781898,99,1678.30659
-38.79161,99,1683.410876
-50.275136,99,1688.515163
-58.365384,107,1694.020251
-53.570876,99,1699.124466
-55.302143,100,1704.278492
-45.548857,100,1709.432698
-30.849967,99,1714.53713
-48.907692,100,1719.691549
-45.138128,99,1724.795567
-41.444094,98,1729.849918
-157.215189,114,1735.704756
-29.302272,98,1740.759663
-51.236565,98,1745.813344
-46.61383,98,1750.86753
-35.444494,98,1755.905123
-32.866988,97,1760.909282
-52.161985,99,1766.01361
-34.731148,99,1771.117856
-36.832022,97,1776.122262
-28.386678,97,1781.126277
-39.750485,99,1786.230796
-46.653177,99,1791.334742
-51.945834,99,1796.439522
-35.414491,105,1801.843493
-27.9673,98,1806.898312
-150.293547,120,1813.052907
-50.273485,98,1818.107183
-47.206306,98,1823.161645
-43.778008,100,1828.315724
-39.763958,100,1833.470108
-39.174532,100,1838.624333
-28.205336,99,1843.728928
-42.793057,98,1848.782876
-37.768174,98,1853.837123
-34.124169,99,1858.941462
-30.974121,100,1864.09572
-50.844824,98,1869.149987
-56.360235,100,1874.304312
-29.888409,99,1879.408557
-50.824063,99,1884.512817
-45.939036,100,1889.667179
-45.294843,100,1894.821482
-37.322591,100,1899.975866
-41.597995,101,1905.18025
-48.399787,99,1910.284534
-41.221179,100,1915.438758
-51.446623,100,1920.593071
-44.964641,99,1925.697361
-35.117468,99,1930.801662
-32.467716,99,1935.905926
-29.829468,99,1941.010285
-33.624552,100,1946.164537
-30.501847,99,1951.268877
-33.480391,99,1956.373102
-53.842991,101,1961.577467
-29.871376,99,1966.68173
-42.560236,99,1971.786099
-32.67023,100,1976.940332
-54.809607,99,1982.04462
-47.95807,99,1987.148926
-32.51674,98,1992.203087
-33.226744,100,1997.357435
-34.161782,99,2002.461699
-32.138243,100,2007.616102
-44.156213,99,2012.720315
-43.356336,99,2017.824562
-32.846586,98,2022.878844
-33.330751,99,2027.983095
-38.945448,98,2033.037339
-49.51473,99,2038.14163
-42.339006,99,2043.246085
-50.594398,100,2048.400201
-44.344416,99,2053.504424
-40.411356,99,2058.60872
-33.906,99,2063.713335
-34.959785,99,2068.817324
-37.561668,100,2073.971744
-132.129034,99,2079.075954
-44.6449,102,2084.330756
-48.281288,102,2089.5851
-35.888758,99,2094.689028
-35.510116,99,2099.793367
-34.77051,101,2104.997707
-39.685626,101,2110.202077
-34.949601,98,2115.256272
-38.654691,101,2120.460658
-31.468113,98,2125.515163
-133.075506,98,2130.569122
-39.512278,99,2135.67337
-39.372194,110,2141.328168
-43.01571,101,2146.532509
-40.715113,100,2151.686817
-45.144794,100,2156.84116
-38.722621,100,2161.995474
-49.872719,99,2167.099734
-34.85928,101,2172.304093
-67.76512,123,2178.60937
-49.574807,99,2183.713923
-49.517218,99,2188.818218
-149.647978,122,2195.073199
-51.190316,100,2200.227507
-53.568108,100,2205.381855
-34.580116,99,2210.486099
-42.939757,101,2215.690888
-33.536983,100,2220.844806
-42.756134,101,2226.050436
-57.207466,100,2231.203457
-44.321656,101,2236.39115
-39.75693,100,2241.54546
-55.02267,99,2246.649749
-32.014022,100,2251.804103
-38.834341,101,2257.008753
-32.108185,99,2262.112994
-50.896733,101,2267.31708
-41.569349,99,2272.421402
-41.284077,100,2277.575652
-35.461423,99,2282.679956
-40.519367,100,2287.83446
-49.018859,100,2292.988598
-40.164273,98,2298.026495
-41.118773,100,2303.180485
-40.871373,101,2308.384845
-54.500444,100,2313.539712
-40.533441,100,2318.693885
-34.911261,100,2323.847845
-39.842762,98,2328.902077
-44.190509,100,2334.056366
-48.747411,99,2339.161057
-45.794572,100,2344.314929
-31.460832,99,2349.419377
-35.534485,100,2354.573553
-42.840678,99,2359.677794
-41.005084,101,2364.882363
-39.839595,99,2369.986522
-34.269015,98,2375.040817
-33.03284,99,2380.145445
-43.908548,99,2385.249326
-31.470126,100,2390.403581
-37.039947,100,2395.558818
-40.386335,100,2400.712208
-35.935816,99,2405.816539
-47.910016,100,2410.971046
-42.7499,99,2416.07511
-36.752401,101,2421.279471
-38.587838,100,2426.433789
-42.847532,98,2431.488523
-34.311993,100,2436.642645
-35.53589,99,2441.747019
-46.733554,99,2446.850878
-43.811455,100,2452.005986
-37.445514,102,2457.259636
-37.671749,99,2462.363915
-41.458747,101,2467.568323
-30.024236,98,2472.60577
-40.738282,98,2477.660005
-34.765233,100,2482.797669
-45.042606,98,2487.836119
-35.786419,99,2492.93958
-35.447791,100,2498.093844
-48.823541,99,2503.198121
-33.409109,99,2508.302514
-35.109888,99,2513.390158
-51.279684,97,2518.394564
-30.83387,99,2523.498707
-44.325105,99,2528.586486
-51.573073,99,2533.690967
-36.917469,98,2538.746233
-45.694837,99,2543.848951
-35.32629,100,2549.003238
-41.402385,98,2554.057571
-41.134585,99,2559.162096
-33.394117,98,2564.216063
-60.168997,127,2570.788387
-40.530687,99,2575.892558
-36.092646,99,2580.996874
-45.66804,100,2586.151106
-46.623197,98,2591.205308
-53.299635,99,2596.30971
-50.916599,100,2601.46387
-28.713207,99,2606.56818
-39.444497,99,2611.655782
-41.605185,99,2616.760058
-40.740877,98,2621.814368
-35.27866,98,2626.868566
-40.284656,98,2631.923262
-56.428214,98,2636.976979
-42.077209,98,2642.031225
-32.084174,99,2647.135475
-38.255758,99,2652.239774
-42.168963,99,2657.344079
-36.753921,100,2662.498428
-33.826729,98,2667.552636
-47.054541,100,2672.706905
-29.750542,99,2677.811215
-36.365621,100,2682.965596
-38.631396,99,2688.069816
-55.644726,99,2693.174105
-49.026603,100,2698.328407
-47.941114,101,2703.532774
-45.227803,98,2708.587045
-55.201841,103,2713.891849
-52.788048,98,2718.945712
-30.12381,100,2724.100481
-43.533311,98,2729.154332
-45.105322,99,2734.258516
-33.947352,98,2739.31273
-37.125096,98,2744.366993
-39.340512,98,2749.421263
-48.855178,98,2754.475482
-48.191475,98,2759.529734
-33.737339,99,2764.633995
-29.611618,98,2769.688238
-46.404587,98,2774.742438
-38.892811,99,2779.846827
-47.820129,98,2784.900964
-29.826771,99,2790.005288
-39.00667,99,2795.109569
-44.10674,97,2800.113727
-53.765695,99,2805.218587
-29.637721,99,2810.32234
-31.883339,99,2815.426601
-38.397649,101,2820.630982
-39.964897,99,2825.737003
-34.935772,98,2830.789491
-39.487882,98,2835.843679
-41.662143,98,2840.89785
-29.598203,98,2845.952141
-27.439779,98,2851.006394
-36.794992,99,2856.110934
-48.537654,98,2861.164883
-35.230626,98,2866.219134
-50.10932,98,2871.273452
-146.17601,94,2876.127442
-39.653073,98,2881.181691
-39.886597,99,2886.285962
-46.385397,100,2891.440319
-133.297935,94,2896.294447
-48.303712,98,2901.348562
-34.100444,98,2906.402826
-49.187759,99,2911.50711
-42.841554,99,2916.61137
-45.354998,97,2921.615544
-157.803697,113,2927.420418
-147.623621,95,2932.324538
-130.471682,93,2937.128576
-49.077506,98,2942.182825
-31.036433,99,2947.287088
-53.223528,98,2952.341319
-39.85674,98,2957.39555
-32.888056,100,2962.549919
-43.023919,100,2967.704245
-46.558857,97,2972.708503
-33.332209,99,2977.812678
-30.535781,99,2982.917017
-28.837486,99,2988.021234
-30.119663,98,2993.075626
-44.192651,99,2998.180024
-50.941065,99,3003.284043
-32.525717,99,3008.388318
-30.181283,99,3013.492601
-55.454971,99,3018.596864
-38.266778,99,3023.70156
-36.6795,97,3028.705359
-32.772845,98,3033.759573
-34.41696,98,3038.813868
-31.758187,99,3043.91819
-45.144257,99,3049.022364
-40.741465,97,3054.026576
-40.765093,98,3059.080809
-48.729871,98,3064.135859
-34.711684,98,3069.189576
-43.2683,97,3074.193742
-44.335017,98,3079.24879
-34.933757,100,3084.402454
-36.400452,98,3089.456271
-28.720853,98,3094.510802
-48.969189,98,3099.564754
-34.227771,99,3104.669005
-35.504403,98,3109.723266
-33.940155,98,3114.77752
-50.676171,98,3119.83173
-38.637574,97,3124.835969
-51.906544,98,3129.89016
-44.529069,98,3134.944493
-47.372249,98,3139.998847
-45.326703,98,3145.053195
-46.247473,99,3150.157246
-34.216848,98,3155.211483
-44.338579,98,3160.265963
-47.062779,97,3165.270246
-163.743012,119,3171.37494
-31.441916,98,3176.42938
-38.485954,98,3181.483449
-44.199681,98,3186.520996
-28.88629,97,3191.525158
-36.737879,97,3196.529298
-42.805034,98,3201.583646
-45.411535,97,3206.587785
-37.103344,97,3211.592046
-31.342427,98,3216.646243
-51.880626,98,3221.700416
-55.015628,98,3226.754722
-42.767587,99,3231.858946
-36.324237,98,3236.913264
-34.538027,100,3242.067529
-32.829132,97,3247.071738
-30.751186,99,3252.176019
-40.258921,99,3257.280229
-47.858127,98,3262.334507
-40.009557,97,3267.338759
-29.768957,98,3272.392932
-49.04854,97,3277.397159
-49.056266,98,3282.434912
-42.679839,99,3287.539024
-30.490352,98,3292.593226
-28.608222,97,3297.597442
-28.491753,97,3302.601651
-26.964739,98,3307.655958
-42.729376,98,3312.71014
-31.154584,98,3317.764759
-33.672121,97,3322.768978
-32.577355,99,3327.873068
-49.256027,98,3332.927151
-30.699104,97,3337.931784
-30.640387,98,3342.98771
-34.51051,98,3348.03979
-52.428497,98,3353.094349
-476.442835,500,3378.265147
-39.948584,97,3383.269276
-46.519373,99,3388.374009
-29.548193,97,3393.378136
-48.838078,98,3398.431983
-31.443984,99,3403.53623
-33.425361,97,3408.540406
-27.350735,98,3413.594739
-47.418974,105,3418.999198
-51.529162,98,3424.053492
-27.686287,99,3429.157715
-32.414324,97,3434.161921
-46.72697,99,3439.266157
-48.137033,98,3444.320429
-27.479238,98,3449.374679
-40.486164,99,3454.478946
-39.668385,97,3459.483131
-49.334829,106,3464.937701
-30.10817,98,3469.99194
-32.59883,97,3474.996145
-43.971467,98,3480.050664
-59.279089,98,3485.104622
-37.858591,96,3490.059126
-29.786586,98,3495.113006
-37.358515,97,3500.117209
-42.747801,97,3505.121418
-28.435843,99,3510.22633
-34.424936,100,3515.379956
-54.871025,98,3520.43421
-46.12727,98,3525.488528
-33.605896,107,3530.993091
-31.119754,98,3536.047379
-35.689923,98,3541.101553
-48.052496,97,3546.105773
-41.381987,97,3551.110056
-45.882877,97,3556.114137
-37.510905,99,3561.218438
-61.815843,152,3568.9752
-50.408577,97,3573.979728
-28.325798,98,3579.033329
-34.789166,98,3584.088501
-27.823897,98,3589.141847
-59.628626,99,3594.246175
-29.097303,99,3599.35039
-35.413448,98,3604.404704
-39.943629,97,3609.408777
-51.181139,102,3614.663196
-43.091528,98,3619.717473
-38.060343,98,3624.771768
-33.538354,97,3629.775875
-30.861026,99,3634.880187
-28.487172,98,3639.934397
-65.134382,117,3645.939815
-46.119152,97,3650.943627
-45.810753,101,3656.147976
-47.546358,99,3661.252275
-38.454127,97,3666.256463
-42.166319,97,3671.260904
-34.027046,98,3676.298321
-45.2916,97,3681.302411
-42.463993,98,3686.356712
-32.158118,99,3691.460949
-435.431809,500,3716.632008
-34.428704,98,3721.686271
-52.312512,101,3726.890664
-46.698839,97,3731.894833
-31.878223,99,3736.999102
-56.335693,104,3742.353612
-32.188935,98,3747.407817
-34.639168,98,3752.462078
-43.863982,101,3757.666434
-40.032255,98,3762.720757
-45.501008,98,3767.774907
-52.709209,98,3772.829107
-43.29199,98,3777.883506
-48.144487,99,3782.987673
-57.458265,99,3788.091926
-46.668466,99,3793.196227
-56.500248,105,3798.6008
-40.923968,97,3803.605004
-40.330824,100,3808.759648
-51.261243,105,3814.163841
-41.87258,99,3819.268193
-40.003058,98,3824.322358
-38.262044,99,3829.426637
-38.263776,98,3834.480952
-34.925039,98,3839.5352
-32.869771,98,3844.589311
-35.123339,100,3849.74367
-43.027675,99,3854.848077
-34.938669,100,3860.002259
-220.841431,166,3868.442687
-36.522328,100,3873.597
-210.37203,187,3883.10497
-29.95789,99,3888.20926
-37.049545,99,3893.31356
-46.014862,99,3898.418628
-48.968767,97,3903.422036
-44.515863,99,3908.526447
-46.022169,97,3913.530747
-41.006456,99,3918.634885
-45.16534,98,3923.68904
-33.42109,99,3928.793325
-1495.615826,500,3953.964453
-35.107081,98,3959.018768
-44.003029,98,3964.072873
-74.422267,123,3970.378256
-40.374167,99,3975.482697
-37.891784,102,3980.736829
-41.866466,98,3985.791932
-1584.917322,500,4010.962478
-53.246494,98,4016.016418
-37.458614,98,4021.070677
-48.087647,104,4026.425165
-34.794061,98,4031.479483
-32.768167,99,4036.583771
-45.521224,99,4041.687976
-31.686407,100,4046.8423
-38.717453,99,4051.946606
-40.519957,99,4057.052122
-54.438504,99,4062.155148
-36.464247,98,4067.209418
-31.89075,98,4072.263572
-34.824928,99,4077.367808
-48.582038,98,4082.422123
-42.050385,98,4087.476562
-226.1223,372,4106.242111
-43.103179,98,4111.296566
-42.750926,98,4116.350969
-32.227872,98,4121.404806
-31.143754,98,4126.459562
-38.101122,99,4131.563775
-34.604283,98,4136.617701
-48.4481,99,4141.723242
-35.831383,98,4146.776132
-51.566626,100,4151.930455
-29.485181,99,4157.034788
-40.71137,99,4162.139559
-37.573702,98,4167.19326
-27.71975,98,4172.247568
-45.501089,98,4177.301783
-42.415948,99,4182.406307
-29.033573,98,4187.460249
-50.630683,98,4192.514635
-40.072404,98,4197.568687
-29.98964,99,4202.672997
-38.918898,99,4207.777214
-35.702121,99,4212.881518
-36.226788,98,4217.937275
-31.036798,97,4222.940021
-31.674286,99,4228.044554
-44.730454,97,4233.048464
-29.714122,98,4238.102808
-36.636697,98,4243.156912
-55.423536,98,4248.21114
-48.393453,99,4253.315424
-32.081438,98,4258.370089
-45.493308,98,4263.423876
-40.785497,98,4268.478141
-49.269341,98,4273.53238
-45.288551,99,4278.636695
-32.471903,98,4283.691241
-52.689457,97,4288.695532
-35.460784,98,4293.749351
-27.764498,97,4298.753539
-36.789744,98,4303.807785
-38.674561,97,4308.811958
-31.974562,98,4313.86622
-37.149079,98,4318.920458
-45.367218,99,4324.024714
-33.476873,106,4329.479387
-40.958295,98,4334.533499
-41.322427,99,4339.637903
-32.861939,98,4344.692293
-45.190102,98,4349.746303
-30.805764,98,4354.800515
-49.034056,98,4359.85481
-31.490291,98,4364.908992
-32.554328,99,4370.013327
-47.73983,97,4375.017733
-42.54078,99,4380.121857
-47.734369,97,4385.12623
-45.436828,97,4390.130902
-31.825748,98,4395.184376
-42.520644,122,4401.439618
-35.038914,97,4406.443812
-45.396954,97,4411.44804
-38.161533,97,4416.452221
-38.681886,99,4421.556489
-28.993987,97,4426.560724
-41.478915,97,4431.565376
-47.6101,97,4436.569079
-42.946474,98,4441.623324
-42.315869,97,4446.627587
-47.410657,97,4451.631728
-52.588032,118,4457.686796
-41.308997,99,4462.791096
-37.443577,98,4467.845303
-49.485033,98,4472.899565
-48.303811,98,4477.953781
-46.412369,97,4482.957992
-31.304481,97,4487.962175
-42.185444,98,4493.016393
-54.320626,98,4498.070684
-29.300841,97,4503.074872
-42.520585,97,4508.07907
-44.816915,97,4513.083268
-44.423395,98,4518.137463
-38.252607,97,4523.141702
-33.227385,98,4528.196001
-42.174839,96,4533.133378
-47.295758,98,4538.187593
-43.00777,98,4543.242186
-35.580551,98,4548.296184
-31.965148,98,4553.350333
-33.344773,98,4558.404578
-47.627822,98,4563.45914
-37.107248,99,4568.56307
-36.162231,97,4573.567334
-31.856585,97,4578.571501
-39.922012,99,4583.676085
-55.081018,99,4588.780282
-42.826716,98,4593.834261
-36.67211,100,4598.989091
-56.469986,98,4604.042857
-56.946807,98,4609.097068
-49.311037,98,4614.151638
-42.432609,98,4619.205827
-49.816782,98,4624.25986
-54.25495,99,4629.365295
-31.238157,98,4634.418308
-56.391539,99,4639.52286
-34.723352,98,4644.576818
-38.679941,99,4649.681349
-61.299844,100,4654.835435
-34.80915,97,4659.83973
-58.362308,101,4665.043962
-32.375283,98,4670.098597
-55.698209,99,4675.202594
-40.460378,97,4680.206916
-41.345307,98,4685.26095
-38.627311,98,4690.315639
-45.47137,98,4695.369401
-52.34772,98,4700.423912
-36.99922,99,4705.527952
-34.194212,99,4710.632196
-287.662417,159,4718.739428
-60.215251,103,4724.043668
-55.058045,100,4729.197774
-56.607673,101,4734.402146
-60.476718,99,4739.506429
-55.127161,101,4744.710887
-42.207478,99,4749.81505
-41.620256,99,4754.919645
-67.906799,102,4760.173701
-41.870691,99,4765.278327
-59.359706,100,4770.432462
-54.633891,102,4775.687309
-57.039422,102,4780.924453
-52.989668,101,4786.128811
-49.795797,101,4791.3332
-33.514797,97,4796.33779
-45.305345,98,4801.391594
-48.842492,100,4806.546788
-50.960074,101,4811.75033
-44.799502,99,4816.854577
-43.238371,98,4821.908843
-53.02979,99,4827.013106
-52.33407,99,4832.117369
-46.418273,100,4837.271697
-41.61289,97,4842.275906
-52.616669,99,4847.380166
-44.695185,99,4852.48451
-46.956204,100,4857.6388
-48.255371,98,4862.69299
-42.345951,99,4867.797269
-46.115001,98,4872.851516
-46.8585,100,4878.005911
-38.069787,98,4883.060086
-48.75528,104,4888.414571
-50.091538,99,4893.519097
-37.118509,99,4898.623114
-39.458567,98,4903.677376
-44.095461,99,4908.78187
-36.853864,99,4913.886009
-42.768668,98,4918.940287
-41.487758,100,4924.094876
-46.778742,99,4929.199287
-36.112236,98,4934.253192
-38.210041,98,4939.307586
-49.239088,97,4944.31265
-41.350488,98,4949.365767
-36.329866,98,4954.420332
-36.856416,99,4959.524269
-41.85998,98,4964.578549
-41.203386,98,4969.633004
-39.810496,98,4974.687247
-40.955877,98,4979.741973
-39.653656,97,4984.745362
-37.879438,98,4989.799588
-37.820461,97,4994.787549
-35.837,98,4999.841373
-35.114822,98,5004.895572
-50.457127,98,5009.949807
-44.302833,97,5014.954011
-44.477175,98,5020.008231
-38.806683,98,5025.062499
-34.600605,98,5030.116699
-37.641852,97,5035.120902
-34.053315,97,5040.125126
-32.167413,99,5045.229465
-46.230345,97,5050.233616
-40.576486,98,5055.287797
-41.911455,98,5060.342927
-32.537823,98,5065.396335
-40.152407,98,5070.450522
-33.094913,98,5075.504799
-44.615725,97,5080.508941
-45.191353,97,5085.513155
-36.887202,97,5090.517417
-39.493368,98,5095.571652
-45.111903,97,5100.575831
-32.109792,98,5105.630007
-46.719254,98,5110.684243
-37.946522,99,5115.788547
-39.681553,98,5120.842847
-31.686873,98,5125.896977
-47.965406,98,5130.951993
-45.009361,98,5136.005526
-30.13627,97,5141.076401
-32.067882,98,5146.130632
-35.96748,99,5151.23498
-43.178476,97,5156.239141
-32.86806,99,5161.343402
-33.385067,98,5166.380937
-42.232303,98,5171.435233
-31.120273,98,5176.489413
-29.888181,98,5181.54363
-45.313467,97,5186.547932
-38.677541,97,5191.552041
-44.412621,97,5196.557112
-32.516822,97,5201.543735
-43.495031,99,5206.64801
-34.041987,97,5211.652249
-44.943209,97,5216.656428
-43.044475,97,5221.660633
-33.418991,98,5226.714878
-30.90162,98,5231.769373
-46.037133,97,5236.773323
-30.865603,98,5241.827508
-31.449272,99,5246.932167
-52.948462,99,5252.0361
-40.081387,98,5257.090334
-29.626748,98,5262.144579
-32.701211,99,5267.2492
-31.435011,97,5272.253119
-40.773018,97,5277.240611
-32.867574,98,5282.294844
-33.386168,97,5287.299031
-43.231757,98,5292.353249
-31.413915,97,5297.357471
-51.4807,99,5302.462208
-47.163335,113,5308.266644
-44.925252,98,5313.320881
-37.985919,99,5318.425288
-35.140199,97,5323.429314
-33.522728,98,5328.483499
-35.780769,98,5333.537771
-46.123349,97,5338.541966
-30.79887,98,5343.596201
-33.603146,98,5348.650528
-29.009999,97,5353.654596
-29.475747,97,5358.658806
-38.033412,97,5363.662984
-39.138198,98,5368.717284
-45.644355,98,5373.771676
-36.083684,98,5378.825732
-34.197715,97,5383.829928
-30.037599,98,5388.884147
-31.569609,97,5393.888332
-40.179989,97,5398.892565
-32.010208,97,5403.896742
-55.739699,105,5409.301306
-35.687497,98,5414.355527
-33.881499,98,5419.40976
-43.807542,97,5424.413916
-35.718822,97,5429.41814
-36.51415,97,5434.423093
-47.041291,98,5439.476559
-27.864621,97,5444.480854
-36.53757,98,5449.535062
-45.014105,99,5454.639567
-33.758955,98,5459.693507
-42.552783,98,5464.747839
-33.987034,98,5469.801993
-38.369103,98,5474.85621
-32.594772,100,5480.010651
-36.932516,96,5484.964704
-40.066567,98,5490.019193
-33.192247,97,5495.023467
-35.486382,97,5500.027465
-31.502897,97,5505.031768
-28.124593,97,5510.035772
-39.324146,97,5515.039938
-27.043285,98,5520.094192
-42.161337,98,5525.148407
-46.594579,97,5530.152902
-35.145671,97,5535.156842
-39.437031,97,5540.161005
-49.118261,98,5545.215457
-31.149057,97,5550.219746
-37.523151,98,5555.27377
-37.428482,98,5560.328178
-35.528761,98,5565.382113
-36.637381,97,5570.386404
-31.00973,98,5575.440525
-32.923803,98,5580.495037
-45.948864,98,5585.549047
-48.087486,97,5590.553306
-36.468041,99,5595.657521
-41.516907,97,5600.661661
-36.363522,98,5605.715914
-36.8189,97,5610.720128
-41.175138,98,5615.774359
-37.544468,98,5620.828593
-41.796897,97,5625.832775
-35.900812,98,5630.887074
-35.836584,98,5635.941262
-32.184564,98,5640.995494
-33.130745,98,5646.049735
-31.309455,98,5651.103937
-31.60439,97,5656.108106
-33.885746,98,5661.162428
-43.35639,98,5666.216692
-39.329508,98,5671.270925
-45.388313,98,5676.325091
-38.524363,99,5681.429419
-29.703173,97,5686.433658
-38.497545,97,5691.43778
-47.120926,99,5696.542043
-42.56686,97,5701.546271
-34.629268,97,5706.550776
-36.140553,98,5711.604851
-36.171757,97,5716.609256
-36.283754,97,5721.61319
-32.917377,98,5726.667537
-47.956576,98,5731.721633
-40.104258,98,5736.776102
-40.944401,98,5741.830383
-38.043716,99,5746.934533
-45.625336,97,5751.938744
-28.274409,98,5756.992851
-35.179778,97,5761.997037
-49.119156,97,5767.001615
-32.157247,97,5772.005449
-40.863393,97,5777.009626
-37.17927,98,5782.063962
-45.336382,98,5787.118004
-35.061917,97,5792.122199
-42.90109,98,5797.176489
-38.879624,98,5802.230703
-45.520492,99,5807.318278
-46.877365,102,5812.572959
-42.547236,98,5817.627003
-30.773285,98,5822.681153
-39.738768,98,5827.735374
-26.402466,98,5832.789611
-44.11052,98,5837.843919
-39.642417,98,5842.898103
-35.619364,96,5847.852319
-53.240639,111,5853.557036
-40.575651,100,5858.711335
-35.890872,97,5863.715526
-37.022169,97,5868.720233
-32.289626,97,5873.707253
-39.271919,97,5878.711498
-68.630228,99,5883.81572
-32.447319,98,5888.870355
-69.774164,97,5893.874665
-40.781581,98,5898.92837
-69.966516,101,5904.132759
-39.069461,97,5909.136916
-74.529912,145,5916.543173
-270.687126,238,5928.603251
-40.432303,97,5933.607504
-51.613089,102,5938.861848
-44.172235,97,5943.866137
-34.469676,98,5948.920286
-42.86854,97,5953.924486
-39.051851,98,5958.978752
-48.136856,98,5964.033037
-39.303836,97,5969.037136
-38.434781,98,5974.091874
-49.193841,100,5979.245709
-62.541097,111,5984.950488
-32.158085,97,5989.954677
-30.911411,98,5995.0089
-31.629365,97,6000.013127
-42.527015,97,6005.017299
-31.39521,98,6010.071524
-41.407038,98,6015.125784
-33.47347,99,6020.230439
-31.201736,98,6025.284292
-40.3114,98,6030.338546
-42.724372,100,6035.492843
-31.912951,99,6040.597487
-36.996663,98,6045.65138
-48.351159,99,6050.755633
-55.738352,99,6055.859915
-38.303308,99,6060.964203
-46.096348,104,6066.31868
-33.991676,98,6071.372931
-211.387248,151,6079.079829
-236.320042,151,6086.785902
-43.28216,100,6091.940249
-323.791549,435,6113.858542
-160.849529,92,6118.612495
-153.872531,96,6123.566687
-300.909512,213,6134.375714
-75.404045,102,6139.630125
-251.526865,157,6147.63686
-196.912419,123,6153.942153
-387.094931,278,6168.004004
-45.121551,102,6173.258636
-65.053584,98,6178.312558
-664.450617,500,6203.48366
-57.697877,97,6208.487845
-67.547061,101,6213.692206
-55.1523,101,6218.896582
-56.614624,102,6224.150988
-67.994634,104,6229.505954
-197.178184,100,6234.659761
-48.821897,101,6239.864134
-51.058418,100,6245.018843
-52.908673,102,6250.272851
-74.741912,101,6255.477215
-68.060445,103,6260.781762
-51.157872,99,6265.885993
-64.4662,98,6270.940185
-827.998185,500,6296.111535
-59.71381,102,6301.365686
-51.068272,101,6306.570311
-185.859861,98,6311.624427
-69.456599,102,6316.878724
-54.547174,99,6321.983892
-51.191973,101,6327.187352
-53.445374,100,6332.341924
-55.021024,99,6337.446357
-47.116175,98,6342.500172
-44.365063,99,6347.604518
-60.066128,100,6352.759119
-48.060806,99,6357.863242
-39.349446,97,6362.867237
-56.770927,101,6368.071679
-42.750703,97,6373.07595
-47.541928,98,6378.130029
-41.956945,97,6383.134646
-55.673132,118,6389.189466
-46.005215,100,6394.343624
-48.18828,98,6399.397872
-47.803488,99,6404.502185
-51.029996,98,6409.539908
-71.180955,141,6416.745737
-52.628084,98,6421.800019
-50.457317,98,6426.854242
-46.297807,100,6432.008534
-38.136825,98,6437.062783
-56.154673,99,6442.167077
-42.225047,98,6447.221349
-57.914862,97,6452.225494
-44.177343,99,6457.329784
-44.568473,99,6462.434047
-45.831632,99,6467.538326
-51.731475,97,6472.542512
-43.811328,99,6477.646822
-43.201623,100,6482.801096
-35.321227,99,6487.905395
-43.227804,100,6493.059761
-37.143795,99,6498.164365
-45.223526,98,6503.21825
-51.097391,100,6508.37287
-38.77759,99,6513.477354
-42.939299,98,6518.532038
-47.358798,98,6523.569034
-34.536579,99,6528.673159
-42.71274,102,6533.927399
-40.587794,100,6539.081739
-40.411728,98,6544.135957
-47.456095,98,6549.190509
-35.085286,98,6554.246082
-31.299948,98,6559.298987
-32.676725,100,6564.452965
-38.659789,99,6569.557527
-41.331741,99,6574.66148
-39.329448,98,6579.71615
-39.221331,97,6584.719902
-35.611529,98,6589.774463
-33.707268,99,6594.878451
-31.668591,99,6599.982673
-29.941213,98,6605.036964
-32.752351,98,6610.091167
-38.809078,98,6615.145672
-37.527701,100,6620.300156
-39.103443,99,6625.404076
-29.257792,98,6630.45923
-36.388376,99,6635.562618
-34.766716,100,6640.71682
-43.516699,98,6645.771091
-52.419006,98,6650.825314
-30.664196,99,6655.929586
-27.696408,98,6660.983842
-33.606298,98,6666.038072
-48.346353,98,6671.093406
-32.045197,98,6676.146616
-34.006006,99,6681.250816
-41.631018,97,6686.255568
-42.404978,98,6691.309262
-30.543144,98,6696.36357
-43.061263,99,6701.467784
-48.458569,98,6706.505336
-46.750309,98,6711.559577
-28.95355,98,6716.613794
-44.00689,98,6721.668019
-35.601271,98,6726.723054
-36.236501,99,6731.826538
-43.45288,98,6736.880779
-42.90986,99,6741.985121
-36.029701,97,6746.989233
-37.668713,99,6752.093538
-36.76984,98,6757.147762
-49.80227,98,6762.202021
-27.964861,98,6767.256326
-41.448092,97,6772.260414
-33.710733,98,6777.314707
-42.154353,97,6782.318876
-43.094163,99,6787.423148
-69.734346,100,6792.57749
-48.117915,98,6797.631687
-45.331715,99,6802.73597
-40.559144,99,6807.823586
-48.363644,98,6812.877866
-40.572645,97,6817.882041
-33.703861,98,6822.936223
-44.922219,98,6827.990511
-42.815059,98,6833.04479
-38.309522,97,6838.048941
-85.372412,112,6843.803727
-251.492677,119,6849.908879
-35.582904,98,6854.9631
-291.341348,137,6861.969079
-161.798641,132,6868.724692
-42.52344,98,6873.779099
-136.647563,133,6880.584563
-31.337449,98,6885.638894
-45.549138,99,6890.743098
-39.809584,97,6895.74729
-1026.07496,500,6920.918385
-102.513342,151,6928.624863
-38.873604,98,6933.679068
-216.036075,149,6941.285486
-566.242166,213,6952.094549
-354.901247,206,6962.553308
-1256.919038,500,6987.724373
-45.802785,97,6992.72861
-896.381728,399,7012.845499
-36.982191,98,7017.899686
-36.125418,98,7022.953948
-119.959574,124,7029.309264
-55.573286,101,7034.513628
-192.674667,146,7041.970165
-293.863546,191,7051.677993
-180.613352,145,7059.084716
-40.113136,99,7064.188498
-49.467364,99,7069.29279
-1000.681453,500,7094.463902
-50.928554,98,7099.518547
-48.582858,97,7104.52283
-1126.573399,500,7129.693385
-49.173214,98,7134.747593
-50.913259,99,7139.851903
-41.425232,98,7144.906163
-865.877181,500,7170.077545
-42.344124,99,7175.18152
-1216.037797,500,7200.353236
-1141.436019,500,7225.523703
-1262.928193,500,7250.678144
-1227.697413,500,7275.849205
-44.623119,100,7281.003584
-1200.483275,500,7306.174869
-1125.098333,500,7331.345893
-1131.258224,500,7356.500264
-1200.366548,500,7381.671362
-1075.349813,500,7406.842431
-994.83485,500,7432.01354
-1016.74318,500,7457.134572
-1008.390649,500,7482.305672
-1006.644713,500,7507.477009
-969.952493,500,7532.647859
-1002.42329,500,7557.81896
-1007.394597,500,7582.990067
-935.587836,500,7608.161187
-881.140248,500,7633.332262
-904.391399,500,7658.503314
-927.071238,500,7683.658036
-910.92227,500,7708.895658
-904.314415,500,7734.050032
-899.945919,500,7759.221149
-934.151605,500,7784.392203
-886.182614,500,7809.56367
-928.872936,500,7834.734488
-959.126887,500,7859.905987
-887.149166,500,7885.060062
-904.925006,500,7910.231315
-772.347543,500,7935.402335
-677.628849,500,7960.573614
-629.289299,463,7983.893126
-912.083623,500,8009.064226
-1024.039066,500,8034.23559
-49.083463,102,8039.48982
-170.159245,166,8047.946894
-56.242184,112,8053.701813
-389.377115,291,8068.414042
-633.180632,432,8090.182395
-45.813941,104,8095.536823
-38.500748,98,8100.59109
-947.203481,500,8125.745721
-58.655263,111,8131.450488
-48.047371,102,8136.704842
-1037.678415,500,8161.876012
-56.092216,110,8167.530758
-46.726977,97,8172.535064
-43.981542,97,8177.539122
-44.808988,99,8182.643469
-52.560587,103,8187.931576
-50.541429,99,8193.035398
-47.675133,99,8198.139632
-59.421541,117,8204.14497
-41.580128,100,8209.299089
-46.438486,98,8214.353275
-80.483956,135,8221.259068
-39.755901,100,8226.413437
-51.925896,107,8231.918116
-54.700297,110,8237.572754
-527.502543,348,8255.137643
-37.564864,99,8260.241793
-48.489036,99,8265.346138
-38.869587,102,8270.600463
-40.863944,103,8275.904989
-42.544144,100,8281.059292
-50.597126,99,8286.163549
-46.993961,98,8291.21785
-40.231601,100,8296.372214
-43.616604,98,8301.426585
-47.363792,98,8306.480586
-49.983317,102,8311.734988
-41.568006,98,8316.789255
-35.735389,101,8321.993594
-51.936973,98,8327.048163
-58.278566,97,8332.052061
-49.165519,99,8337.156345
-54.648395,98,8342.210603
-31.44728,100,8347.364902
-69.068279,105,8352.769444
-57.474308,99,8357.87396
-45.902326,102,8363.128609
-31.677802,99,8368.23239
-54.99094,97,8373.236759
-38.396382,100,8378.391014
-52.703192,98,8383.445197
-32.264633,99,8388.550274
-51.709577,100,8393.703836
-41.720177,99,8398.808102
-30.544419,98,8403.862317
-40.699674,101,8409.066716
-50.045353,97,8414.070971
-41.175738,100,8419.225237
-36.683567,98,8424.27943
-36.196667,99,8429.383727
-32.827798,97,8434.387944
-56.435262,97,8439.392127
-39.160572,99,8444.496413
-40.103936,98,8449.550914
-41.458035,98,8454.604846
-40.545312,99,8459.709692
-30.453974,98,8464.763411
-45.178989,98,8469.817657
-31.274148,98,8474.871895
-31.675575,98,8479.926115
-48.603495,101,8485.13053
-46.215105,99,8490.234965
-48.70456,98,8495.289027
-48.065534,98,8500.343386
-31.204935,98,8505.397543
-40.776571,97,8510.401709
-43.299972,99,8515.505977
-47.3187,99,8520.610711
-48.616871,97,8525.614488
-34.600898,98,8530.668732
-44.735223,99,8535.773285
-60.095981,99,8540.877329
-42.316453,97,8545.881492
-38.113109,98,8550.935777
-41.352618,97,8555.939895
-41.610397,100,8561.094227
-47.742004,98,8566.148471
-28.331215,98,8571.202701
-50.23122,97,8576.206982
-30.916809,98,8581.261168
-44.091118,97,8586.265336
-41.49987,97,8591.26958
-32.829982,98,8596.323792
-37.084549,98,8601.378071
-29.027832,97,8606.382216
-29.904551,97,8611.38673
-26.9283,97,8616.390625
-35.525422,98,8621.444873
-33.623252,97,8626.44906
-31.178345,97,8631.453563
-43.926902,97,8636.457454
-34.914243,97,8641.461673
-32.273611,98,8646.515914
-47.026246,97,8651.520183
-36.826862,97,8656.524358
-29.029846,98,8661.578705
-32.701854,98,8666.632658
-38.744131,99,8671.736972
-30.815161,98,8676.791329
-38.706856,97,8681.795516
-41.209599,97,8686.799772
-38.697142,97,8691.804496
-36.082027,97,8696.808051
-36.87935,97,8701.812382
-42.513433,97,8706.816509
-37.384245,98,8711.870913
-42.869275,98,8716.925341
-33.776956,99,8722.029233
-40.176504,97,8727.033543
-37.799307,98,8732.087678
-35.749175,99,8737.19197
-41.570244,98,8742.246227
-46.982702,98,8747.300465
-44.206039,98,8752.355425
-27.570527,98,8757.40896
-47.134341,98,8762.463429
-36.687022,97,8767.467685
-49.730439,98,8772.521609
-36.574613,97,8777.525975
-44.620886,98,8782.580058
-28.982769,96,8787.534568
-41.968766,98,8792.588419
-40.571482,97,8797.592633
-50.004898,98,8802.647247
-32.945695,98,8807.701951
-40.469708,97,8812.705335
-40.263778,98,8817.759534
-41.749869,97,8822.76373
-46.367262,99,8827.868027
-44.017631,98,8832.922253
-29.373217,98,8837.976486
-52.636873,98,8843.030834
-30.660607,97,8848.035763
-34.288433,98,8853.089203
-30.986851,98,8858.143419
-32.308214,97,8863.147714
-39.323121,97,8868.151793
-47.784788,98,8873.20604
-38.462157,98,8878.260302
-36.720747,98,8883.314668
-31.233977,97,8888.319104
-30.846336,97,8893.322938
-39.509316,98,8898.377233
-42.811426,98,8903.431401
-33.501407,98,8908.485669
-42.384057,97,8913.489826
-31.027377,98,8918.544151
-44.002958,99,8923.648366
-48.841755,98,8928.702576
-40.942624,97,8933.707034
-37.494718,98,8938.761174
-32.209333,97,8943.765466
-26.088453,98,8948.819527
-43.025624,100,8953.973893
-42.706187,98,8959.028126
-44.652751,97,8964.03232
-38.336869,98,8969.086576
-41.146291,97,8974.090804
-40.192981,98,8979.145191
-27.617319,98,8984.199263
-38.170743,98,8989.253495
-46.57518,97,8994.257694
-30.850082,97,8999.261887
-41.33995,97,9004.266423
-45.508715,97,9009.270552
-33.424401,98,9014.324391
-30.316166,97,9019.328602
-40.613876,97,9024.332786
-34.396018,98,9029.387052
-39.136598,99,9034.491324
-30.84151,98,9039.545605
-28.191127,98,9044.599819
-36.566091,98,9049.654263
-35.960315,97,9054.658309
-28.394921,98,9059.713143
-40.582749,97,9064.71668
-26.930832,97,9069.72089
-31.551588,98,9074.775191
-43.742562,99,9079.879459
-46.825467,98,9084.933948
-44.385807,97,9089.937819
-30.956044,98,9094.992062
-30.250903,97,9099.996253
-26.817108,97,9105.000422
-28.478238,98,9110.03804
-37.825515,98,9115.092281
-28.296824,98,9120.146513
-35.326546,97,9125.150712
-33.868067,98,9130.204916
-36.15134,97,9135.209425
-33.1054,98,9140.263361
-26.550484,98,9145.317601
-27.406601,98,9150.372504
-31.998003,97,9155.376321
-41.003624,97,9160.380226
-28.080124,98,9165.434854
-30.941984,98,9170.489457
-32.47971,98,9175.542944
-41.379175,97,9180.547145
-32.782026,96,9185.501304
-44.304088,97,9190.505589
-27.299147,97,9195.509736
-40.079746,99,9200.613979
-25.685897,97,9205.618491
-28.412743,96,9210.57232
-37.76379,98,9215.626579
-32.040074,98,9220.680886
-40.250254,98,9225.735066
-29.580445,98,9230.789301
-41.821231,97,9235.793484
-36.808733,97,9240.798038
-43.092053,98,9245.851878
-46.288585,98,9250.906134
-31.976474,98,9255.960365
-37.102493,98,9261.014633
-29.817828,98,9266.06883
-26.270705,97,9271.073045
-34.856865,98,9276.127672
-38.902408,98,9281.181522
-46.784407,98,9286.23575
-33.288424,98,9291.290001
-33.98163,97,9296.294203
-32.758842,97,9301.298451
-35.472803,97,9306.302872
-43.204033,98,9311.357223
-26.92293,98,9316.394454
-34.419541,97,9321.382043
-32.61472,98,9326.419543
-45.308793,98,9331.473735
-64.484317,98,9336.528029
-67.292931,98,9341.582288
-38.537894,97,9346.586479
-67.937287,97,9351.59112
-37.523936,97,9356.594827
-38.9957,97,9361.599053
-62.647295,96,9366.553208
-44.165044,98,9371.607404
-32.557382,97,9376.611602
-37.288087,98,9381.665805
-39.626818,97,9386.67006
-26.865482,98,9391.707573
-27.65471,97,9396.712123
-44.696681,97,9401.716081
-32.089886,97,9406.720146
-27.879532,97,9411.724635
-26.005897,97,9416.728542
-42.057512,97,9421.732767
-35.072484,97,9426.736952
-31.444503,98,9431.791664
-46.029828,98,9436.845411
-29.219064,98,9441.899625
-31.219618,96,9446.853808
-39.019945,97,9451.858022
-45.867254,97,9456.862178
-45.938534,97,9461.866373
-31.363625,99,9466.971044
-30.701429,97,9471.97498
-29.704975,98,9477.029115
-38.5657,97,9482.033335
-29.522604,97,9487.03752
-27.70592,98,9492.092575
-29.753397,98,9497.146084
-31.351766,98,9502.200279
-38.53778,98,9507.25447
-35.795827,98,9512.30869
-41.471157,98,9517.363309
-30.753363,106,9522.81753
-26.375699,97,9527.822047
-35.44841,98,9532.876045
-44.370654,96,9537.830257
-39.155484,99,9542.934672
-26.064214,97,9547.939034
-31.658912,98,9552.99284
-32.875364,97,9557.997803
-68.001936,98,9563.051261
-66.221407,98,9568.105518
-70.260127,98,9573.159744
-27.210463,97,9578.163945
-67.980005,96,9583.118798
-44.297352,97,9588.122256
-40.339762,98,9593.176514
-39.800559,98,9598.214097
-33.143493,98,9603.252218
-30.671846,97,9608.255855
-30.544405,97,9613.243482
-31.649684,97,9618.247627
-63.931344,98,9623.301797
-37.664338,99,9628.40626
-27.801747,98,9633.46029
-63.707548,98,9638.514656
-32.475165,97,9643.518805
-31.5624,98,9648.572951
-36.032566,98,9653.627201
-40.627945,97,9658.631389
-39.579839,96,9663.58558
-32.173276,97,9668.589786
-28.005285,98,9673.644017
-61.101091,96,9678.598133
-55.290489,96,9683.552294
-61.706636,99,9688.656556
-29.269661,96,9693.610779
-32.970821,98,9698.664976
-31.425946,98,9703.71925
-55.844601,97,9708.723382
-31.58619,97,9713.727627
-168.332689,110,9719.38246
-38.995772,97,9724.386591
-59.910043,97,9729.390773
-38.73698,97,9734.394885
-35.070118,97,9739.399294
-27.746568,98,9744.453404
-63.343745,98,9749.507674
-59.646296,97,9754.511969
-37.516801,97,9759.515973
-42.60974,97,9764.520292
-29.616086,96,9769.474885
-39.719003,97,9774.478691
-40.358974,98,9779.533168
-44.190486,98,9784.587137
-26.841601,97,9789.591556
-38.553541,97,9794.595505
-40.081074,97,9799.599989
-42.418774,97,9804.603945
-31.701553,98,9809.658132
-30.55531,97,9814.662643
-38.55161,98,9819.716493
-32.357761,97,9824.720683
-34.4679,97,9829.724911
-26.919764,98,9834.779165
-25.465883,97,9839.783339
-34.945374,96,9844.737517
-24.520473,97,9849.741941
-43.383755,97,9854.745938
-40.09739,98,9859.800135
-45.058578,97,9864.804344
-45.113522,97,9869.80878
-27.679235,98,9874.862744
-28.758543,97,9879.867239
-25.910286,97,9884.871082
-37.614615,98,9889.925319
-42.248073,98,9894.979536
-28.527008,97,9899.983701
-24.106505,97,9904.987913
-30.735333,97,9909.992183
-31.445522,97,9914.996292
-41.767763,97,9920.000429
-31.425256,98,9925.054718
-38.685297,97,9930.058866
-48.975382,98,9935.113087
-45.593174,97,9940.117277
-47.420618,97,9945.121834
-26.776545,98,9950.17567
-34.659351,97,9955.17987
-31.963922,97,9960.184163
-43.044837,97,9965.188242
-37.538773,98,9970.242526
-48.046532,97,9975.246627
-27.494753,97,9980.250854
-27.765677,97,9985.255038
-35.64554,97,9990.259167
-38.422457,96,9995.213321
-27.929141,97,10000.217545
-28.891548,97,10005.205
-41.575723,98,10010.259288
-29.724433,97,10015.263642
-38.393372,99,10020.36768
-34.563481,98,10025.421914
-28.142903,98,10030.476211
-34.397177,97,10035.480607
-28.53136,98,10040.517949
-27.73212,97,10045.522065
-39.717341,99,10050.626309
-39.474135,97,10055.630539
-27.31666,98,10060.684704
-29.282082,98,10065.739212
-42.150963,97,10070.743406
-44.630347,98,10075.797379
-42.784816,98,10080.851586
-32.659251,96,10085.805734
-27.422665,97,10090.809928
-40.175239,98,10095.864133
-29.90478,98,10100.918364
-45.592271,97,10105.92257
-39.640822,97,10110.926852
-32.914899,107,10116.43135
-51.701026,97,10121.435546
-37.441423,96,10126.390008
-35.531881,98,10131.443903
-29.544318,96,10136.398046
-35.186798,98,10141.452826
-42.873916,98,10146.506517
-36.988163,97,10151.510768
-29.120427,97,10156.515193
-41.462106,97,10161.519086
-30.875749,98,10166.573358
-40.214053,98,10171.62752
-42.748266,98,10176.665444
-35.104393,98,10181.71933
-44.107498,98,10186.773515
-33.901007,97,10191.777719
-51.821891,98,10196.831947
-39.751081,98,10201.886171
-44.293737,98,10206.940393
-26.689246,97,10211.944623
-28.802917,97,10216.948766
-32.398879,96,10221.903241
-31.603003,99,10227.007316
-35.050615,98,10232.061422
-42.268387,97,10237.065589
-25.373052,97,10242.069794
-34.287475,97,10247.074075
-46.121685,97,10252.078553
-44.416239,97,10257.082414
-43.972192,98,10262.136612
-31.47777,97,10267.207531
-26.251598,98,10272.261748
-44.461229,97,10277.265966
-32.654979,98,10282.320177
-34.249842,98,10287.374734
-39.298639,98,10292.428695
-42.609734,98,10297.482862
-26.316793,98,10302.537408
-42.765761,97,10307.5413
-51.351516,97,10312.545464
-42.537574,97,10317.549626
-34.318688,97,10322.553819
-30.209461,97,10327.558003
-45.37275,97,10332.562369
-31.40448,97,10337.566375
-33.256786,98,10342.620983
-49.12748,106,10348.075209
-27.040667,98,10353.130264
-42.92041,98,10358.183644
-50.873019,97,10363.187825
-40.250373,97,10368.192014
-35.787517,99,10373.296285
-39.353904,97,10378.300471
-33.165992,97,10383.304694
-30.213015,97,10388.308866
-49.473255,97,10393.313045
-40.161472,97,10398.317224
-48.816985,97,10403.321415
-48.213981,96,10408.275571
-38.523641,97,10413.279748
-40.353211,98,10418.333987
-47.917613,98,10423.388205
-35.189775,98,10428.442478
-36.586931,98,10433.496698
-34.604934,97,10438.500885
-38.525547,97,10443.505054
-31.608673,97,10448.509227
-34.425289,97,10453.513442
-28.001687,97,10458.517637
-28.246365,98,10463.571862
-41.978036,98,10468.626104
-28.929675,97,10473.630302
-38.939576,97,10478.634578
-39.954661,97,10483.638682
-38.540594,97,10488.643614
-27.9594,98,10493.697386
-42.719653,98,10498.751462
-27.331316,96,10503.705658
-27.954672,97,10508.709759
-30.265156,97,10513.714015
-46.64283,97,10518.718119
-26.472638,97,10523.722337
-34.815286,97,10528.726541
-188.356485,90,10533.380493
-26.086134,97,10538.384941
-30.478781,98,10543.438853
-35.421861,97,10548.443044
-40.38903,97,10553.447292
-29.596085,97,10558.452522
-29.18019,98,10563.505678
-32.154668,97,10568.493089
-35.847454,97,10573.480498
-161.177268,90,10578.134497
-46.033531,98,10583.188654
-42.596146,97,10588.192964
-54.476607,104,10593.547536
-39.784384,98,10598.601596
-30.553674,97,10603.605872
-47.475621,97,10608.610492
-41.640124,96,10613.547403
-41.590642,97,10618.551606
-27.870546,97,10623.555731
-39.36416,97,10628.560145
-28.738354,96,10633.514293
-37.62257,97,10638.518856
-473.361018,275,10652.430387
-32.945964,97,10657.434261
-279.586784,174,10666.291573
-35.97423,97,10671.295732
-29.332153,97,10676.30038
-47.221938,97,10681.304197
-32.274704,97,10686.308362
-56.108206,98,10691.362551
-44.927106,97,10696.366815
-40.683703,97,10701.370978
-31.702588,98,10706.425215
-54.080224,98,10711.479496
-33.588805,97,10716.484243
-30.459327,98,10721.537881
-44.868088,97,10726.542686
-38.458082,98,10731.596309
-43.576815,97,10736.600577
-61.357311,97,10741.588078
-47.347441,97,10746.592218
-36.767702,98,10751.646561
-34.949554,98,10756.700683
-46.864929,98,10761.754934
-34.233722,97,10766.759079
-35.197338,97,10771.763255
-40.056354,97,10776.767467
-37.809238,98,10781.82167
-44.139173,97,10786.82623
-33.761956,97,10791.8301
-44.264416,98,10796.884342
-45.230039,97,10801.888542
-44.518656,97,10806.89272
-41.656696,97,10811.896928
-40.294693,96,10816.851139
-39.13578,97,10821.855622
-30.53946,97,10826.859409
-42.515386,97,10831.863625
-42.00964,97,10836.868224
-44.813595,98,10841.922035
-49.121382,97,10846.926354
-39.672292,98,10851.980495
-32.823469,97,10856.984683
-42.285475,97,10861.988843
-45.248611,96,10866.943045
-41.410653,97,10871.947224
-42.224277,99,10877.051498
-50.790711,98,10882.105817
-37.45356,97,10887.110196
-39.945164,99,10892.214269
-37.012879,99,10897.31847
-39.581939,99,10902.42275
-52.159181,97,10907.427005
-45.553926,97,10912.431126
-53.427411,98,10917.48545
-43.572588,98,10922.539675
-34.982086,97,10927.54378
-32.239264,97,10932.531221
-47.152286,98,10937.585477
-49.732314,97,10942.589735
-31.211973,96,10947.543869
-49.189376,97,10952.548146
-36.123602,98,10957.585715
-35.012103,98,10962.639859
-48.019223,98,10967.694523
-34.62192,97,10972.681587
-40.228779,98,10977.735905
-34.098786,99,10982.840143
-38.624428,97,10987.844299
-32.948621,97,10992.848519
-31.640378,97,10997.852712
-40.661697,97,11002.856846
-40.447314,99,11007.96114
-44.912061,97,11012.965343
-34.38382,98,11018.019821
-36.947536,97,11023.023811
-31.047615,98,11028.078065
-38.605488,97,11033.082186
-28.456445,97,11038.086357
-38.856197,97,11043.090594
-35.687471,96,11048.044728
-46.197026,97,11053.032248
-48.88726,96,11057.986652
-43.041362,97,11062.991322
-39.38113,97,11067.994882
-26.638236,97,11072.999321
-33.438637,97,11078.003188
-31.043078,96,11082.957317
-31.745559,97,11087.961521
-37.402973,97,11092.966092
-65.786683,169,11101.572905
-32.3708,97,11106.577356
-34.055394,98,11111.631593
-34.006229,97,11116.63565
-45.62467,96,11121.590428
-28.719222,96,11126.543849
-30.313837,97,11131.548039
-41.866433,98,11136.602393
-45.49891,97,11141.606433
-48.626197,99,11146.711055
-29.190044,97,11151.714943
-33.469575,97,11156.719184
-40.803597,96,11161.673262
-26.364371,97,11166.677471
-30.680998,97,11171.681641
-31.084083,98,11176.735884
-38.768557,98,11181.790145
-32.948835,98,11186.844391
-33.342141,97,11191.848549
-26.256152,98,11196.902769
-27.02914,97,11201.890291
-29.028798,97,11206.877847
-42.066431,97,11211.882007
-46.018538,99,11216.986328
-29.272438,97,11221.9905
-36.847989,97,11226.994714
-42.910112,99,11232.098969
-63.117687,98,11237.153119
-32.88907,97,11242.157335
-61.16863,97,11247.16156
-42.512948,98,11252.216004
-34.011474,97,11257.220195
-35.507763,98,11262.274364
-37.081201,96,11267.228481
-32.091515,97,11272.215877
-25.827159,97,11277.203659
-34.659186,98,11282.257784
-31.068545,98,11287.312288
-42.589053,96,11292.26637
-36.508831,98,11297.320342
-26.417259,98,11302.374599
-33.203098,97,11307.379043
-45.182392,97,11312.383022
-26.749042,97,11317.454886
-35.422298,97,11322.458304
-39.225477,98,11327.529106
-34.203484,97,11332.533459
-36.216384,98,11337.60401
-32.80342,97,11342.608204
-45.416156,97,11347.612436
-33.528858,97,11352.633291
-36.305894,97,11357.637766
-58.742982,97,11362.64168
-32.583141,96,11367.595801
-31.648067,98,11372.650054
-48.461704,97,11377.654485
-32.934756,97,11382.675168
-25.189163,97,11387.680013
-29.583271,97,11392.683459
-40.117589,98,11397.738559
-30.679527,96,11402.691807
-30.265052,97,11407.696069
-39.430011,97,11412.700265
-42.792114,97,11417.704471
-39.457358,97,11422.691961
-36.878466,97,11427.696147
-39.744902,98,11432.750468
-36.981346,98,11437.804651
-40.205159,98,11442.858847
-31.23038,97,11447.86308
-26.530597,97,11452.850927
-33.258353,98,11457.905349
-28.879178,97,11462.892302
-37.703855,97,11467.896879
-26.717518,97,11472.900755
-34.606052,97,11477.904898
-35.404869,98,11482.959056
-40.294538,98,11488.014061
-25.014593,97,11493.017517
-35.254278,97,11498.021651
-31.614783,97,11503.025991
-35.450463,97,11508.030164
-28.637851,98,11513.084408
-35.144567,96,11518.038929
-42.84155,97,11523.042739
-30.999411,98,11528.096953
-28.274147,98,11533.151228
-41.866386,97,11538.15541
-30.354113,97,11543.159591
-23.283022,97,11548.163786
-39.389397,97,11553.168354
-41.72577,98,11558.222191
-47.509958,97,11563.226396
-34.473247,98,11568.280693
-43.782911,99,11573.384941
-29.661231,98,11578.439149
-29.711194,97,11583.443343
-45.481975,97,11588.447541
-37.209595,96,11593.401711
-46.398206,97,11598.405901
-30.509151,97,11603.4101
-29.81559,98,11608.464394
-36.111472,97,11613.468618
-40.70817,98,11618.522733
-145.437614,94,11623.376835
-42.466145,97,11628.364331
-144.588498,93,11633.168377
-123.639464,91,11637.872302
-148.98741,94,11642.726388
-40.271456,97,11647.730584
-41.262499,97,11652.734713
-26.747847,96,11657.688897
-63.635831,131,11664.394518
-43.533614,106,11669.84908
-24.182655,97,11674.853248
-107.226757,199,11684.961847
-30.77117,97,11689.965936
-39.332086,96,11694.90371
-40.605343,101,11700.107809
-48.831074,109,11705.712501
-36.277591,104,11711.066968
-47.212157,98,11716.121186
-43.556663,98,11721.175417
-33.803742,97,11726.179667
-31.668349,98,11731.233917
-35.884563,97,11736.238008
-30.288684,97,11741.24227
-31.006854,98,11746.296464
-43.601255,98,11751.350707
-43.189445,97,11756.354943
-32.622375,97,11761.35916
-32.597293,96,11766.313226
-43.96679,97,11771.317451
-35.6726,97,11776.321673
-25.85258,97,11781.325839
-32.530042,97,11786.330019
-28.204812,97,11791.334403
-34.773052,97,11796.338795
-34.924778,96,11801.292544
-45.611951,97,11806.296833
-38.586806,97,11811.301026
-29.656556,96,11816.255138
-32.810909,97,11821.25967
-45.479518,98,11826.313563
-30.662234,97,11831.317908
-42.205173,97,11836.322662
-26.254664,98,11841.376202
-25.923983,98,11846.430347
-25.719142,98,11851.484871
-43.949101,98,11856.538863
-32.413669,97,11861.543159
-43.702531,97,11866.547452
-48.553438,97,11871.551445
-26.361727,98,11876.605667
-27.358495,98,11881.659869
-33.91749,98,11886.698229
-27.911322,97,11891.70171
-31.17073,97,11896.706203
-39.657358,98,11901.760125
-42.170734,98,11906.814628
-36.55933,97,11911.818683
-39.328393,97,11916.822672
-30.322561,99,11921.927105
-45.633325,97,11926.931175
-39.121675,97,11931.935358
-27.626404,97,11936.939569
-50.148555,98,11941.993809
-37.668424,97,11946.998527
-37.615504,99,11952.102771
-27.606066,98,11957.15654
-32.575777,98,11962.210845
-29.5922,97,11967.214989
-26.815674,98,11972.269248
-26.691217,96,11977.223378
-32.705578,97,11982.227567
-38.538185,97,11987.231794
-37.754591,98,11992.286028
-34.224203,97,11997.290205
-34.699804,97,12002.294392
-37.289722,97,12007.29885
-34.955169,97,12012.302908
-42.161856,97,12017.307042
-29.043571,98,12022.361265
-28.493185,97,12027.365445
-37.395927,97,12032.36968
-167.739591,148,12039.926001
-35.452586,98,12044.9802
-36.902928,97,12049.98445
-39.655802,97,12054.988633
-34.040809,98,12060.04287
-28.0062,97,12065.047178
-32.277626,98,12070.101461
-26.208764,97,12075.105821
-26.472042,97,12080.110049
-41.633919,96,12085.064069
-37.376618,97,12090.068145
-28.898481,97,12095.055728
-33.438936,98,12100.109926
-36.124491,97,12105.114147
-26.775252,98,12110.16843
-26.96561,97,12115.172648
-33.81767,97,12120.176762
-32.161736,97,12125.180834
-30.337411,98,12130.235124
-28.378781,97,12135.24015
-40.481751,98,12140.293596
-40.305895,97,12145.297747
-42.536978,98,12150.352001
-37.104375,97,12155.356208
-28.887054,97,12160.36064
-41.62163,96,12165.31453
-32.133662,97,12170.318732
-40.919804,97,12175.322928
-38.405171,97,12180.310432
-26.044821,98,12185.364722
-41.130497,98,12190.41895
-27.820344,97,12195.423114
-33.037694,98,12200.477384
-42.290488,98,12205.531589
-40.965482,97,12210.535823
-32.522082,97,12215.54
-34.218932,97,12220.544214
-30.965227,96,12225.498362
-36.520466,97,12230.502563
-48.982896,97,12235.506737
-40.415563,98,12240.560977
-39.812677,98,12245.615273
-33.815248,97,12250.619414
-31.08126,97,12255.623613
-41.005499,98,12260.677854
-42.13942,98,12265.732083
-41.36759,97,12270.736672
-39.861508,100,12275.890644
-40.206981,97,12280.895064
-41.668746,96,12285.848987
-44.118018,97,12290.853515
-43.90827,97,12295.857448
-34.174003,97,12300.861571
-35.749915,99,12305.965835
-25.036979,97,12310.970075
-43.37623,97,12315.974252
-31.864322,97,12320.978677
-22.838733,97,12325.982882
-26.217002,96,12330.93686
-26.210678,97,12335.941011
-25.434138,97,12340.945201
-47.109236,98,12345.999434
-40.06134,97,12351.003631
-42.023332,97,12356.00807
-31.64073,98,12361.062086
-32.324038,97,12366.06625
-35.457787,98,12371.120609
-43.118134,97,12376.124728
-31.992007,98,12381.178964
-26.21263,96,12386.133118
-23.839124,97,12391.137317
-34.232366,97,12396.141495
-34.688614,98,12401.179818
-37.420234,97,12406.183223
-43.966754,97,12411.187423
-29.566057,97,12416.19184
-23.860503,97,12421.195801
-27.313661,97,12426.200014
-27.163768,98,12431.254261
-22.551867,97,12436.25847
-26.427867,98,12441.312713
-41.201395,97,12446.316902
-37.727805,97,12451.321089
-34.493758,97,12456.325559
-36.974937,98,12461.379529
-33.411403,98,12466.433882
-43.334099,97,12471.437954
-30.180786,96,12476.392109
-30.661698,97,12481.396338
-41.376712,97,12486.400524
-42.817421,96,12491.354665
-33.129807,97,12496.358833
-26.527781,98,12501.41315
-23.729075,96,12506.367316
-34.733569,97,12511.371682
-39.827335,98,12516.425655
-30.246706,97,12521.429882
-43.74892,97,12526.434063
-37.511729,97,12531.438268
-35.638737,96,12536.392431
-46.130642,97,12541.396638
-43.70642,96,12546.350755
-44.524779,97,12551.355074
-48.364809,98,12556.409241
-24.516909,98,12561.463433
-38.206583,97,12566.467765
-41.284414,96,12571.421823
-28.260518,97,12576.425986
-38.278313,100,12581.580319
-46.340638,97,12586.584554
-32.377632,98,12591.638755
-29.148185,97,12596.643331
-27.829728,98,12601.697169
-25.734679,99,12606.802014
-30.830143,97,12611.805682
-30.004088,97,12616.809923
-30.751394,99,12621.914152
-40.153192,97,12626.918633
-35.444358,97,12631.9229
-27.682163,97,12636.9267
-27.724811,97,12641.931137
-48.271376,97,12646.935126
-28.534852,97,12651.939718
-30.701341,97,12656.943626
-27.786526,98,12661.997707
-33.008465,99,12667.102403
-46.051592,100,12672.256331
-33.628439,98,12677.310855
-26.635392,97,12682.314829
-40.683862,97,12687.318974
-26.60249,97,12692.323966
-46.032275,96,12697.277578
-40.570093,97,12702.281549
-32.07514,97,12707.285744
-39.086779,98,12712.340236
-40.053919,98,12717.394173
-35.662047,98,12722.431785
-39.736826,98,12727.486463
-26.635076,97,12732.490238
-34.834062,97,12737.494513
-37.267655,98,12742.548629
-37.85564,97,12747.552945
-39.888172,97,12752.557008
-42.031213,98,12757.611231
-28.085907,97,12762.61538
-31.975577,97,12767.619906
-36.481135,98,12772.673944
-36.615367,97,12777.678046
-35.470962,98,12782.732291
-35.217022,98,12787.786579
-45.936134,97,12792.79095
-50.795223,97,12797.794985
-29.947009,97,12802.799131
-36.917048,97,12807.803316
-31.948236,97,12812.807485
-38.000426,98,12817.861797
-35.521688,97,12822.865927
-29.262436,97,12827.870124
-28.424465,97,12832.874355
-34.551198,97,12837.878681
-35.921599,97,12842.882718
