#{"t_start": 1768318975.2690802, "env_id": "None"}
r,l,t
-1890.21183,500,26.178662
-1719.602857,500,39.373668
-1334.37618,500,52.627204
-1391.568257,500,65.831016
-1537.58906,500,275.706175
-1621.78182,500,288.455398
-1134.994761,500,301.138586
-1240.815463,500,313.867972
-1616.119858,500,328.209621
-1578.483136,500,341.119794
-1510.78821,500,353.957079
-1379.555324,500,366.839188
-1342.445106,500,380.961461
-1623.324763,500,393.540709
-1320.623296,500,406.136431
-1735.343118,500,418.880129
-1445.852012,500,432.863031
-1576.693447,500,445.487622
-1404.1666,500,458.011065
-1208.789424,500,470.566914
-1342.090748,500,484.508773
-1267.119827,500,497.135273
-1399.398266,500,509.625675
-1425.845793,500,522.255776
-1588.794863,500,536.357504
-1270.658699,500,549.116538
-1097.085731,500,561.903286
-1267.435662,500,574.728723
-1326.260015,500,588.971119
-962.289143,500,601.82777
-1042.031296,500,614.744638
-1208.342556,500,627.783907
-1264.705158,500,642.030939
-1405.540322,500,654.653666
-1077.876714,500,667.318722
-1440.563218,500,680.109613
-1532.587445,500,694.143807
-1412.597824,500,706.807219
-1228.643746,500,719.453212
-1424.769066,500,732.24808
-1788.076355,500,746.473911
-1204.223122,500,759.260703
-1477.538136,500,772.003832
-1596.480116,500,784.865763
-1101.301496,500,797.595545
-1621.692515,500,811.77127
-1220.853946,500,824.436933
-1497.356139,500,837.07833
-1200.441916,500,850.294751
-976.317438,500,864.709423
-1408.352015,500,877.810476
-1221.088175,500,891.046766
-1247.813752,500,904.216752
-1279.911473,500,918.8412
-1243.462041,500,932.107925
-1260.982534,500,945.425001
-897.13472,477,958.134605
-1262.322427,472,971.918658
-1043.955966,500,985.107901
-1273.925591,500,998.266694
-623.85329,335,1007.20346
-1033.030842,457,1020.635842
-1315.031334,500,1034.027376
-1209.195858,500,1047.343886
-890.899807,366,1057.166773
-1253.72974,500,1070.537823
-525.132128,252,1078.766649
-573.02532,333,1087.735713
-1025.567356,492,1100.763748
-1266.104964,500,1113.967051
-1085.474111,479,1126.609538
-599.966506,343,1137.153352
-590.285964,279,1144.684764
-641.00058,343,1153.75147
-1118.160945,415,1164.591078
-832.872338,396,1175.038881
-561.643597,252,1181.793781
-1021.105142,405,1193.932718
-906.60039,394,1204.235257
-837.128321,427,1214.885957
-1219.557336,423,1225.546725
-736.438806,344,1234.279123
-1012.669961,368,1245.186299
-654.881174,322,1253.286059
-980.353146,391,1262.995235
-519.170087,253,1269.418131
-822.15162,329,1277.745806
-895.199275,357,1286.780331
-437.105241,236,1292.826663
-630.751431,290,1301.50578
-360.298782,172,1305.877681
-273.896319,141,1309.437201
-332.868918,183,1314.048254
-337.472093,157,1318.021641
-379.294934,180,1322.593651
-375.139099,180,1327.148502
-753.290717,286,1334.275061
-357.121802,192,1339.131216
-492.179487,231,1344.905438
-357.218445,177,1350.789789
-327.253942,154,1354.682241
-269.184312,165,1358.893584
-302.40887,177,1363.397879
-400.987746,241,1369.467679
-274.818675,146,1373.147412
-342.330358,164,1377.286761
-296.796303,136,1380.727059
-348.467091,172,1385.114295
-305.45899,175,1389.553283
-341.228377,149,1393.341791
-284.498961,153,1397.19866
-334.153794,158,1402.610484
-551.5423,248,1408.807728
-393.489815,196,1413.74868
-360.270908,196,1418.712533
-384.206755,214,1424.1407
-324.518777,144,1427.773939
-340.280445,186,1432.497778
-298.722891,178,1437.002578
-434.3493,185,1441.722345
-566.610415,271,1448.509412
-290.585465,177,1454.386834
-436.335778,220,1459.975655
-378.453703,179,1464.502606
-237.674172,140,1468.051727
-352.746398,174,1472.457702
-296.438736,148,1476.231144
-249.379316,153,1480.116319
-300.908678,170,1484.433901
-275.412891,161,1488.513494
-253.731917,134,1491.92311
-247.548452,125,1495.111478
-431.967762,184,1499.723451
-341.668434,172,1504.087807
-372.268789,187,1510.268746
-435.329274,186,1515.011512
-368.655884,177,1519.625135
-323.196364,185,1524.390371
-466.32438,197,1529.499695
-267.691455,157,1533.593446
-341.779554,197,1538.755402
-335.803891,145,1542.548635
-289.595637,155,1546.572899
-245.61203,142,1550.237734
-284.044667,143,1553.976061
-346.553259,145,1557.763873
-317.404027,160,1563.349086
-294.659132,149,1567.179487
-285.022433,144,1570.903962
-422.181277,217,1576.389709
-274.951086,183,1581.102384
-372.499655,202,1586.240058
-253.830201,124,1589.423375
-277.000909,138,1592.999685
-211.135601,130,1596.34047
-254.808953,127,1599.644955
-243.033567,123,1602.798747
-334.658502,147,1606.57294
-199.939665,128,1609.845375
-289.026679,159,1613.953496
-251.617612,146,1619.104044
-255.654095,147,1622.876115
-239.020496,125,1626.104303
-248.078622,109,1628.91117
-347.564285,164,1633.107995
-306.457325,165,1637.381108
-223.3285,122,1640.518858
-235.633712,122,1643.646703
-290.953987,133,1647.052735
-284.1801,144,1650.776878
-254.189731,132,1654.173545
-283.606404,132,1657.565371
-237.03782,136,1661.047975
-143.723358,165,1665.326264
-264.607824,140,1670.33507
-223.625455,119,1673.38484
-295.192543,130,1676.728729
-248.186483,150,1680.555842
-332.240773,184,1685.204195
-351.406361,160,1689.295069
-279.953672,128,1692.622498
-253.043422,146,1696.393091
-315.124841,133,1699.802669
-260.017666,117,1702.839107
-295.14028,148,1706.61578
-384.795062,157,1710.642732
-250.368755,138,1714.173692
-293.128448,154,1718.10712
-261.634023,115,1721.077413
-291.149461,121,1725.597217
-291.437152,134,1729.02202
-239.934801,129,1732.298237
-271.257886,134,1735.698677
-185.441746,106,1738.390837
-234.787723,146,1742.122781
-278.521666,121,1745.189707
-234.334761,123,1748.300498
-233.322808,125,1751.504533
-322.306079,142,1755.116901
-215.713648,137,1758.623471
-177.444345,118,1761.64538
-363.030295,176,1766.07856
-252.398268,146,1769.778085
-106.05682,128,1773.06644
-221.343313,124,1776.227567
-223.286276,127,1780.869081
-234.040701,121,1783.992716
-233.246134,114,1786.926645
-279.791884,135,1790.352511
-253.02212,119,1793.429684
-231.8721,135,1796.928037
-232.180145,134,1800.392139
-244.498822,125,1803.606536
-266.572648,120,1806.718451
-156.556688,132,1810.152782
-210.86495,114,1813.087042
-124.145583,129,1816.43672
-209.628768,110,1819.267957
-258.420536,134,1822.697632
-207.105835,100,1825.266313
-297.267174,136,1828.750414
-184.941707,107,1832.902384
-235.788676,128,1836.185685
-246.653652,109,1839.00937
-232.381536,137,1842.545574
-227.542748,118,1845.545945
-194.432673,97,1848.058237
-170.134868,99,1850.593112
-215.267702,105,1853.306469
-231.368699,104,1855.957255
-230.015576,122,1859.086479
-228.359913,117,1862.045679
-208.305407,114,1864.959371
-224.971519,108,1867.734317
-206.257198,110,1870.549855
-211.248673,118,1873.582226
-197.715506,110,1876.385118
-196.754493,102,1878.993628
-250.42899,119,1882.016526
-189.911517,117,1886.404458
-282.423627,143,1890.041282
-186.665323,104,1892.68889
-250.766915,116,1895.638787
-203.977677,104,1898.286393
-199.005792,104,1900.93151
-189.761925,110,1903.722847
-231.865758,118,1906.757062
-185.635354,104,1909.411018
-206.760341,110,1912.218239
-301.765002,154,1916.107191
-218.354493,118,1919.103203
-193.601569,110,1921.934166
-277.974227,137,1925.37279
-179.365048,100,1927.920287
-233.179358,119,1930.947521
-262.803118,155,1934.863059
-172.649954,102,1937.465841
-183.623926,92,1941.227148
-156.794619,94,1943.626338
-224.688093,137,1947.076988
-262.165637,136,1950.493851
-217.611525,117,1953.451437
-221.606263,122,1956.562542
-161.394008,95,1958.998701
-158.088081,92,1961.33588
-183.051641,102,1963.948239
-164.086822,98,1966.444525
-153.120103,96,1968.888504
-215.340721,119,1971.903615
-178.279066,99,1974.454171
-190.392235,100,1977.005654
-175.633158,104,1979.645096
-165.868025,102,1982.240638
-274.855691,144,1985.85237
-147.811136,99,1988.386338
-175.503119,104,1991.021868
-174.334004,99,1994.987522
-182.681935,94,1997.418903
-198.431824,99,1999.958159
-169.369465,104,2002.645419
-201.505097,104,2005.315155
-162.704431,94,2007.733103
-192.058702,113,2010.62975
-191.386203,106,2013.367589
-190.434789,107,2016.131682
-215.848482,124,2019.374835
-192.744334,102,2021.992743
-210.263828,138,2025.590564
-183.519227,102,2028.213566
-180.272687,102,2030.872555
-211.754502,146,2034.653745
-185.198955,107,2037.398085
-235.515504,103,2040.081985
-213.961073,116,2043.086117
-160.476191,98,2047.048089
-196.116643,116,2050.046091
-171.295092,129,2053.401172
-165.864208,118,2056.462199
-69.140514,104,2059.193938
-140.518732,90,2061.533352
-175.632569,98,2064.087315
-160.278795,94,2066.521463
-160.827866,130,2069.901342
-169.910331,106,2072.659955
-144.60108,96,2075.144044
-84.876703,125,2078.399361
-183.390954,104,2081.090253
-225.380499,109,2083.943487
-66.120394,112,2086.861673
-161.991336,103,2089.515316
-163.316017,90,2091.831747
-237.440338,134,2095.256326
-178.355542,100,2097.845125
-174.492606,102,2101.895015
-191.069755,112,2104.780847
-166.260569,90,2107.093623
-174.047803,109,2109.901067
-163.669726,96,2112.35808
-157.810962,101,2114.952913
-196.242316,114,2117.908431
-162.324326,94,2120.341518
-194.253158,104,2123.017797
-176.04329,92,2125.391249
-163.869332,98,2127.921268
-193.278658,106,2130.668388
-159.54485,109,2133.463397
-179.134016,111,2136.326976
-181.799848,124,2139.543966
-147.776353,92,2141.902381
-67.204228,116,2144.918368
-179.233602,94,2147.356989
-175.92401,91,2149.683586
-211.05862,101,2152.307617
-195.52757,98,2156.259387
-144.632363,90,2158.577127
-176.332016,100,2161.142801
-81.622786,108,2163.936004
-149.245233,94,2166.352516
-96.641109,120,2169.470998
-145.976867,95,2171.91362
-55.84425,106,2174.660717
-152.712572,110,2177.496951
-168.66305,102,2180.100861
-148.082581,101,2182.684474
-194.873117,106,2185.414124
-139.13753,90,2187.720076
-142.902484,92,2190.082547
-168.89827,90,2192.385142
-156.522142,91,2194.732375
-186.8338,94,2197.148947
-151.180615,99,2199.700959
-210.906807,115,2202.667258
-168.46261,95,2205.092998
-169.952271,99,2207.613501
-157.533226,99,2211.559787
-152.786551,97,2214.057039
-151.234432,95,2216.49228
-168.665927,90,2218.788934
-169.947205,90,2221.093323
-180.991922,100,2223.658546
-66.235953,107,2226.437254
-156.24474,101,2229.026929
-176.342952,116,2232.02525
-153.203057,90,2234.332349
-152.060344,116,2237.323426
-46.298689,118,2240.369568
-166.939747,143,2244.054471
-165.281473,128,2247.354168
-157.094189,114,2250.287971
-166.508322,92,2252.642488
-163.487376,90,2254.936458
-62.709189,111,2257.798438
-175.527188,122,2260.947626
-212.070539,138,2265.924456
-172.127134,110,2268.780497
-39.431975,98,2271.356879
-171.390424,114,2274.328682
-176.64759,92,2276.702947
-65.95652,122,2279.877384
-172.935805,100,2282.480354
-179.241733,86,2284.706031
-160.140443,93,2287.143625
-51.469312,116,2290.162852
-168.65959,106,2292.912973
-141.353817,106,2295.686925
-54.389279,105,2298.423407
-46.386135,103,2301.125347
-153.413416,96,2303.607215
-51.957681,100,2306.226158
-170.532293,100,2308.815217
-55.761919,100,2311.437784
-158.126499,88,2313.737711
-164.98338,110,2316.62375
-80.107641,102,2320.685858
-53.492991,116,2323.713012
-57.145182,109,2326.57271
-154.232865,114,2329.551862
-172.410971,129,2332.917743
-172.460228,94,2335.384579
-55.129644,111,2338.284715
-55.15727,99,2340.879502
-174.382781,126,2344.173362
-149.009445,93,2346.608358
-153.389678,95,2349.087043
-189.380024,94,2351.510416
-71.499706,119,2354.619992
-50.622518,102,2357.290625
-49.609471,101,2359.945501
-55.990543,122,2363.098958
-138.406738,91,2365.46379
-139.900399,89,2367.757755
-162.542672,94,2370.184591
-39.548647,105,2374.186068
-67.328217,120,2377.323675
-43.120142,105,2380.084968
-66.606276,106,2382.957617
-138.414696,93,2385.485434
-52.801206,104,2388.309808
-162.99188,87,2390.678345
-161.729017,115,2393.798824
-162.412035,87,2396.166478
-57.442815,107,2399.074858
-58.344431,112,2402.114426
-95.034873,113,2405.180233
-46.59409,102,2407.938823
-187.689975,97,2410.58558
-63.66761,121,2413.885448
-164.857693,93,2416.409928
-75.620198,114,2419.501456
-154.849569,88,2421.897232
-48.429954,111,2424.899065
-181.501301,143,2430.203597
-52.790383,102,2432.994848
-189.492382,155,2437.197098
-164.492297,108,2440.157908
-154.649419,115,2443.31959
-56.087942,110,2446.326792
-169.397714,91,2448.692946
-181.275439,111,2451.569839
-67.830874,107,2454.335801
-225.170696,108,2457.136446
-69.332926,113,2460.053244
-82.395359,114,2463.012161
-152.873747,95,2465.471618
-62.633352,108,2468.354068
-60.937742,108,2471.279032
-50.657676,100,2473.983068
-52.704139,110,2476.960665
-165.036426,121,2480.241834
-74.41899,123,2483.557653
-77.56956,115,2488.001093
-175.337685,92,2490.502678
-79.359519,134,2494.132085
-144.67481,97,2496.761943
-170.381131,110,2499.745234
-54.229326,102,2502.513056
-77.384668,112,2505.551086
-147.126687,111,2508.559556
-65.702989,100,2511.288868
-203.90421,93,2513.811735
-161.693249,117,2516.993456
-81.397367,126,2520.423794
-72.05994,107,2523.331718
-40.639478,103,2526.131412
-204.621908,122,2529.478952
-73.083181,104,2532.310913
-169.382912,130,2535.845129
-48.364023,107,2538.749072
-45.932426,102,2541.520228
-69.540064,104,2545.800984
-151.534597,110,2548.811413
-49.658695,103,2551.645526
-47.671206,108,2554.605184
-158.674367,96,2557.232051
-74.629809,108,2560.199165
-171.269971,87,2562.562028
-171.546142,166,2567.071057
-175.503367,113,2570.162083
-55.323543,107,2573.110974
-147.562683,109,2576.10314
-36.253593,99,2578.815494
-74.894666,108,2581.78253
-28.411585,96,2584.414503
-73.863128,136,2588.136678
-44.00271,97,2590.796996
-53.535821,117,2594.014793
-61.498682,104,2596.865984
-41.484552,103,2601.125908
-59.391348,115,2604.27896
-57.012029,107,2607.21004
-170.772646,136,2610.913514
-190.684905,157,2615.187402
-55.299671,108,2618.150835
-62.002319,103,2620.978381
-179.183147,131,2624.560095
-52.993326,110,2627.58319
-82.010534,111,2630.606468
-67.020202,109,2633.611934
-86.673038,154,2637.806812
-63.174441,104,2640.487109
-179.245517,126,2643.720904
-63.175714,108,2646.501163
-184.028424,132,2649.894775
-68.017567,108,2652.676551
-62.681205,103,2655.332873
-73.195985,134,2660.180016
-60.60561,110,2663.006502
-66.968276,122,2666.148194
-45.094183,106,2668.870467
-45.954128,106,2671.600041
-45.137141,109,2674.409051
-62.371745,121,2677.529681
-91.202226,131,2680.924098
-183.750924,117,2683.934424
-56.398067,106,2686.654078
-53.223837,120,2689.752599
-38.217174,107,2692.508583
-172.832579,107,2695.254163
-175.495647,113,2698.170975
-49.584812,114,2701.107246
-65.38203,112,2703.996196
-51.397943,103,2706.654692
-60.679385,113,2709.565219
-64.222059,112,2713.899307
-53.879082,108,2716.695018
-81.725098,143,2720.405106
-142.839308,93,2722.812894
-150.899776,116,2725.808846
-38.642157,109,2728.634078
-162.293791,123,2731.822131
-57.845154,109,2734.644142
-55.433404,109,2737.467173
-153.607634,117,2740.49414
-130.846843,90,2742.824785
-40.036794,110,2745.66519
-43.880477,96,2748.155028
-169.946605,138,2751.697025
-62.582842,121,2754.826931
-52.412042,131,2758.212887
-64.452808,123,2761.391851
-48.30617,112,2765.716146
-45.836939,114,2768.645382
-154.80039,105,2771.346353
-38.920547,102,2773.964834
-55.925114,102,2776.591547
-40.264084,99,2779.140587
-46.330841,101,2781.736078
-62.604782,106,2784.46629
-46.707148,114,2787.426869
-58.265407,106,2790.177208
-164.813027,108,2793.001676
-48.227377,96,2795.501191
-171.702788,121,2798.65205
-168.58557,122,2801.831646
-70.695471,122,2805.00904
-56.344892,107,2807.803575
-158.027451,114,2810.770394
-37.759881,103,2813.443116
-56.809605,106,2816.199623
-40.793176,103,2820.293865
-68.004258,105,2822.994119
-60.023511,108,2825.764525
-60.05784,98,2828.286412
-39.33047,100,2830.860005
-36.987556,98,2833.381581
-40.853949,99,2835.92274
-47.799552,113,2838.828217
-56.521572,102,2841.448338
-47.686621,105,2844.143529
-58.273489,112,2847.031699
-29.940902,98,2849.553371
-42.333005,108,2852.331545
-61.64887,116,2855.31262
-48.348193,108,2858.090338
-46.856292,102,2860.707509
-138.62111,101,2863.307304
-57.335585,104,2866.008266
-58.862275,111,2868.870239
-41.20081,104,2871.54365
-52.347547,96,2875.475135
-167.566884,116,2878.486153
-34.262084,100,2881.081202
-35.736074,106,2883.839382
-53.914573,98,2886.377985
-49.927709,99,2888.949507
-43.43677,105,2891.683251
-46.563781,102,2894.343629
-55.513604,102,2897.009017
-44.052963,104,2899.713192
-50.698838,112,2902.619375
-57.957058,109,2905.453438
-41.600679,106,2908.209776
-169.859804,130,2911.599656
-52.614307,104,2914.318012
-36.398998,101,2916.938608
-67.064589,112,2919.868893
-56.876351,96,2922.363182
-46.291358,117,2925.404146
-45.690366,100,2929.436856
-41.396613,108,2932.259673
-32.878625,99,2934.852559
-31.545975,100,2937.458563
-35.133773,104,2940.189769
-174.082358,142,2943.892591
-29.517936,96,2946.400434
-51.790975,98,2948.963521
-55.559039,121,2952.113342
-46.717537,96,2954.62376
-148.040337,112,2957.545607
-139.428471,100,2960.172327
-44.613416,96,2962.679739
-38.993426,98,2965.237497
-47.866887,111,2968.135458
-40.805244,106,2970.904709
-46.675037,119,2974.014292
-45.274129,109,2976.86043
-52.005827,106,2979.639154
-56.209459,118,2984.110572
-43.371857,103,2986.764014
-144.116938,92,2989.134668
-37.262687,96,2991.610037
-34.653412,97,2994.11308
-37.737439,98,2996.630963
-51.324075,103,2999.282824
-42.69985,104,3001.968242
-44.846536,98,3004.509763
-39.719636,102,3007.14142
-53.640652,113,3010.067393
-156.834214,122,3013.216093
-52.902713,102,3015.849898
-56.670175,116,3018.847716
-171.204412,147,3022.624088
-151.466138,95,3025.068492
-60.578542,99,3027.63194
-61.825245,100,3030.222692
-130.130803,89,3032.513896
-64.474125,122,3035.674848
-44.240849,97,3039.567141
-44.203666,104,3042.252554
-45.000249,98,3044.801455
-39.165332,99,3047.358717
-42.373225,98,3049.896501
-39.780219,105,3052.618323
-48.159268,126,3055.869661
-51.865234,103,3058.537399
-51.395931,104,3061.232512
-45.324379,109,3064.06467
-31.516616,97,3066.574877
-142.844736,96,3069.062695
-66.789543,107,3071.84024
-43.931329,105,3074.557535
-146.830002,110,3077.401946
-43.0629,100,3079.991936
-35.785812,97,3082.493257
-55.283209,107,3085.269849
-48.276544,107,3088.035391
-37.252666,94,3090.460519
-48.310253,103,3094.517039
-52.275788,103,3097.174597
-53.343819,104,3099.85813
-46.814327,115,3102.811955
-45.907677,98,3105.353365
-50.291664,104,3108.042107
-47.181148,99,3110.599109
-35.750339,99,3113.15099
-137.545536,101,3115.75687
-51.261375,110,3118.591223
-40.427589,99,3121.143395
-51.46,100,3123.720417
-50.738542,104,3126.408512
-54.686919,101,3129.01137
-34.807674,96,3131.485198
-46.886214,96,3133.959408
-46.695335,97,3136.460186
-34.959445,95,3138.902468
-39.715791,96,3141.379443
-39.444595,102,3144.017102
-44.7957,98,3147.968474
-33.160022,94,3150.388518
-50.91227,109,3153.193129
-42.714435,99,3155.738751
-37.532263,97,3158.231923
-35.56416,94,3160.651908
-42.608642,94,3163.068956
-40.819062,94,3165.492769
-46.032289,97,3167.984183
-52.05158,119,3171.062518
-53.824299,101,3173.656832
-35.841949,101,3176.258325
-44.956487,103,3178.903318
-50.395475,97,3181.403497
-48.179516,98,3183.922529
-47.947977,100,3186.501714
-49.145206,96,3188.97029
-60.059392,114,3191.915074
-56.524658,97,3194.410542
-35.302842,99,3196.953938
-49.482589,117,3201.394268
-49.443796,98,3203.9107
-50.415612,99,3206.466882
-37.815783,94,3208.87527
-47.375721,96,3211.34326
-27.862528,97,3213.829727
-30.091347,94,3216.245066
-30.376462,95,3218.683359
-40.077456,96,3221.150598
-170.277109,118,3224.178562
-40.483989,97,3226.681701
-62.811822,102,3229.316422
-27.623772,96,3231.783224
-34.11809,97,3234.275334
-38.209383,98,3236.791971
-37.39942,97,3239.280823
-33.934973,94,3241.697368
-162.755117,94,3244.110692
-42.855925,108,3246.891491
-42.508346,107,3249.646635
-35.713652,96,3252.112785
-43.18578,94,3255.933206
-53.311104,125,3259.12565
-31.834192,95,3261.566478
-33.850971,96,3264.030996
-35.471925,98,3266.54793
-131.433889,87,3268.77067
-42.063306,96,3271.252121
-32.676907,95,3273.689915
-50.981455,105,3276.394394
-40.05908,96,3278.8617
-36.837392,97,3281.353685
-40.245529,99,3283.892046
-47.582727,109,3286.683658
-49.346574,95,3289.122819
-33.079195,95,3291.575241
-38.05786,95,3294.017145
-46.01946,96,3296.486823
-34.788343,95,3298.930872
-40.956172,96,3301.402554
-44.944983,94,3303.816679
-28.286882,95,3306.260603
-36.71084,94,3310.095707
-34.663562,100,3312.666306
-46.76872,98,3315.185915
-58.005377,111,3318.034
-34.321893,99,3320.56752
-37.585305,103,3323.212183
-34.727015,94,3325.624945
-31.437567,94,3328.032905
-45.872678,97,3330.51921
-132.55199,87,3332.738187
-71.005156,103,3335.398894
-49.441421,98,3337.917249
-36.498445,98,3340.433498
-44.865129,96,3342.895552
-32.349635,95,3345.333149
-39.231202,97,3347.819565
-32.054753,98,3350.338577
-33.79333,96,3352.802237
-32.84244,96,3355.276359
-45.220662,97,3357.766334
-31.418911,96,3360.229461
-39.90916,95,3364.104948
-39.953882,96,3366.600021
-36.88238,96,3369.093542
-43.000397,96,3371.595769
-34.732824,98,3374.141445
-29.608718,97,3376.679996
-55.511792,99,3379.25013
-39.149741,95,3381.720289
-42.149192,96,3384.213268
-36.941154,103,3386.892076
-43.345737,94,3389.333125
-37.279972,99,3391.907764
-38.000636,96,3394.40405
-32.6417,103,3397.098214
-39.714679,94,3399.539788
-47.87913,103,3402.219405
-30.581969,96,3404.711236
-41.094014,94,3407.155367
-40.918587,96,3409.648709
-41.38343,95,3412.119872
-29.871169,96,3414.612274
-38.602372,97,3418.539831
-28.911153,94,3420.95558
-42.236623,96,3423.415936
-78.408675,112,3426.28749
-49.92825,98,3428.802395
-32.80489,94,3431.217516
-43.147939,99,3433.756196
-30.010177,94,3436.179271
-32.713736,98,3438.694609
-29.79362,94,3441.110466
-42.856956,94,3443.52049
-40.991362,93,3445.91012
-43.366252,97,3448.401824
-33.547756,98,3450.920035
-48.744543,114,3453.842562
-45.085404,95,3456.286477
-34.726904,96,3458.750278
-34.522915,101,3461.3563
-34.062648,94,3463.77121
-25.510709,95,3466.211102
-46.84661,96,3468.675596
-35.742841,96,3472.543704
-37.191435,104,3475.257208
-48.591603,94,3477.713789
-26.576253,94,3480.170038
-35.029586,96,3482.691897
-29.547011,94,3485.149107
-28.172809,95,3487.636127
-39.219,96,3490.146279
-32.965732,94,3492.609594
-36.518876,94,3495.070794
-27.405636,96,3497.584608
-30.734269,97,3500.122816
-31.448307,94,3502.581554
-40.101143,96,3505.071411
-38.229468,94,3507.511618
-43.276924,95,3509.976338
-47.906899,94,3512.418099
-30.627914,94,3514.856456
-29.064635,95,3517.32403
-35.731284,96,3519.814999
-32.057484,97,3522.359829
-41.594495,93,3524.804864
-33.935346,94,3528.660686
-37.948319,97,3531.173741
-31.932635,94,3533.605195
-47.508509,96,3536.090111
-28.338247,94,3538.520617
-28.396016,94,3540.948815
-29.361068,94,3543.38801
-30.45135,97,3545.893432
-37.392292,98,3548.430197
-32.40628,94,3550.858138
-40.902835,95,3553.31695
-30.844581,98,3555.851275
-28.818072,97,3558.359288
-33.663418,96,3560.838527
-43.332439,99,3563.399256
-34.957411,96,3565.878932
-44.211923,100,3568.479423
-28.014305,94,3570.908401
-32.71096,96,3573.388566
-31.332397,94,3575.810584
-31.215383,96,3578.28705
-46.611004,95,3582.148061
-33.395298,98,3584.668273
-35.693111,96,3587.149007
-39.5085,93,3589.541456
-40.742659,94,3591.963116
-29.293746,99,3594.508275
-34.230645,96,3596.978166
-45.023815,95,3599.417943
-37.819686,94,3601.837491
-39.371763,94,3604.250401
-34.835463,95,3606.694406
-31.522147,95,3609.132906
-45.400404,100,3611.709768
-30.617307,96,3614.174045
-39.95791,96,3616.645822
-42.868214,93,3619.035618
-34.15619,95,3621.48066
-34.697496,94,3623.895357
-31.470146,96,3626.356298
-26.54038,94,3628.770152
-35.046223,103,3631.412143
-38.926218,93,3635.208555
-33.794952,94,3637.623857
-161.628171,161,3641.686418
-38.284513,95,3644.12202
-27.779394,94,3646.530236
-38.298434,94,3648.94035
-27.328337,94,3651.348706
-36.743128,94,3653.77066
-44.804167,94,3656.183263
-33.178751,94,3658.594498
-34.925819,96,3661.05529
-24.796566,94,3663.468268
-38.092677,97,3665.95629
-29.168152,96,3668.417908
-33.867473,99,3670.955035
-30.007391,94,3673.377346
-29.512806,94,3675.791007
-26.132905,94,3678.203616
-44.08,94,3680.61694
-29.026519,94,3683.029164
-25.959739,94,3685.440107
-37.932863,94,3689.25245
-42.1989,95,3691.714131
-29.390039,94,3694.152635
-33.416023,98,3696.706693
-38.970812,102,3699.354327
-31.395162,97,3701.873363
-44.238378,96,3704.360802
-29.681311,94,3706.797832
-27.955065,95,3709.261397
-32.427971,94,3711.6986
-28.854104,95,3714.178696
-28.503833,94,3716.617188
-26.538975,95,3719.094246
-25.146981,95,3721.555287
-42.33118,94,3723.998473
-46.768481,94,3726.441609
-32.146957,97,3728.983112
-41.042123,96,3731.490987
-37.333412,93,3733.926243
-32.249854,94,3736.383317
-39.031504,100,3739.010461
-25.334552,95,3741.49118
-27.715476,96,3745.392616
-27.619526,95,3747.840664
-33.450471,93,3750.231463
-22.621846,95,3752.675695
-29.211764,94,3755.089386
-37.469162,94,3757.516198
-37.869931,94,3759.945291
-24.700934,94,3762.372019
-35.093459,93,3764.778353
-30.940815,94,3767.213177
-33.282257,94,3769.644742
-34.276854,94,3772.075316
-29.304725,94,3774.508873
-26.866008,96,3776.990719
-27.258959,96,3779.488608
-36.381903,105,3782.203652
-29.64832,94,3784.633956
-28.477333,94,3787.064592
-40.834915,93,3789.472433
-29.456958,94,3791.904548
-36.742889,97,3794.418628
-28.098855,96,3798.285818
-29.224688,95,3800.76601
-28.665332,99,3803.365653
-23.13779,95,3805.825442
-26.498911,96,3808.326368
-39.922908,93,3810.736719
-31.633717,94,3813.182155
-30.867844,95,3815.636934
-33.16572,94,3818.071967
-43.783266,94,3820.498121
-41.663108,96,3822.994325
-37.153138,95,3825.448354
-35.777641,94,3827.880363
-39.386819,94,3830.305067
-35.185355,94,3832.738386
-25.682402,94,3835.170431
-24.816664,95,3837.627992
-39.049686,93,3840.035495
-32.928286,95,3842.492473
-44.507783,95,3844.978058
-25.421191,96,3847.459096
-28.558582,95,3849.922701
-25.840538,94,3853.753602
-27.923173,94,3856.167251
-33.156295,95,3858.608797
-28.40492,94,3861.021817
-43.948563,98,3863.54091
-32.708126,95,3865.976065
-43.477119,96,3868.449056
-23.202126,94,3870.863041
-39.74285,95,3873.308141
-32.029743,94,3875.720987
-28.672199,96,3878.184927
-34.34214,93,3880.571812
-27.604579,94,3882.985991
-30.675013,96,3885.452202
-26.529771,94,3887.888651
-38.912146,94,3890.435734
-31.066214,94,3892.98252
-30.298765,94,3895.527902
-26.43607,98,3898.187451
-27.431509,95,3900.755705
-29.654322,94,3903.302879
-32.990806,94,3905.847204
-27.505182,99,3909.967046
-26.66359,95,3912.562199
-45.730366,94,3915.132847
-41.54681,94,3917.6923
-24.791597,96,3920.30963
-28.710882,96,3922.924481
-35.210241,101,3925.675959
-39.758803,94,3928.238861
-31.689963,99,3930.934037
-32.447278,96,3933.558406
-36.192645,98,3936.233606
-25.656543,94,3938.801931
-39.49176,93,3941.338731
-43.153396,94,3943.905972
-36.084359,97,3946.5542
-36.064952,96,3949.176569
-41.289284,96,3951.798399
-29.396829,96,3954.416347
-35.149585,94,3956.981633
-25.577187,94,3959.556305
-35.277539,93,3962.095501
-27.193521,94,3966.079515
-32.007807,94,3968.636143
-27.712463,98,3971.303094
-30.259519,97,3973.944675
-41.080563,96,3976.557163
-26.893006,94,3979.122449
-21.55833,94,3981.681078
-46.892883,96,3984.300564
-37.865632,93,3986.835794
-31.575904,95,3989.431991
-25.869657,94,3991.997098
-50.374984,94,3994.567667
-34.625825,94,3997.132588
-25.819804,95,3999.732132
-33.08698,96,4002.353256
-35.378825,95,4004.951212
-33.700854,97,4007.599542
-38.799215,93,4010.146404
-27.398946,94,4012.713976
-26.873259,94,4015.284496
-37.704653,94,4017.847143
-151.755711,122,4022.589265
-37.272043,95,4025.185397
-29.264557,96,4027.809075
-35.223949,96,4030.432632
-40.935825,96,4033.052977
-39.058735,95,4035.648637
-24.234925,94,4038.216218
-37.229901,94,4040.799741
-25.058121,94,4043.366639
-49.139949,106,4046.259877
-28.240304,94,4048.831093
-36.805902,95,4051.4259
-40.532326,94,4053.993575
-42.095326,97,4056.651809
-41.063221,94,4059.220177
-26.456182,94,4061.782825
-35.060974,94,4064.356314
-47.993349,94,4066.920297
-42.198613,94,4069.488679
-33.089119,94,4072.054703
-31.297935,96,4074.67683
-40.892503,94,4077.239653
-30.198703,94,4081.236599
-34.004618,94,4083.803508
-35.499708,96,4086.427917
-28.111484,94,4088.994905
-30.015025,94,4091.559648
-27.941586,94,4094.128381
-37.584341,95,4096.717624
-34.098168,94,4099.281819
-31.871531,96,4101.901748
-34.124616,96,4104.525913
-30.62713,94,4107.087481
-30.793582,97,4109.732071
-35.420943,94,4112.300329
-27.875811,94,4114.865785
-28.894869,94,4117.425898
-24.902611,94,4119.991643
-24.427802,94,4122.553845
-35.374723,94,4125.115863
-31.580424,94,4127.679048
-25.223274,94,4130.243119
-60.360098,147,4134.223928
-38.873533,94,4138.192441
-39.123146,93,4140.732354
-35.472792,94,4143.293793
-25.627568,94,4145.859521
-30.725012,94,4148.421701
-44.522264,94,4150.999571
-28.895114,94,4153.565651
-33.858794,99,4156.268851
-31.379779,94,4158.829957
-31.03831,95,4161.423065
-29.902874,95,4164.008798
-30.487638,94,4166.571939
-37.514009,94,4169.130679
-42.634883,94,4171.700225
-40.403012,94,4174.259339
-37.098659,94,4176.821121
-155.27255,127,4180.267154
-36.001488,94,4182.828319
-41.24516,96,4185.444448
-26.432024,94,4188.001867
-47.64445,97,4190.648871
-22.42914,94,4194.602753
-38.506034,94,4197.157862
-24.811597,94,4199.718537
-24.506978,94,4202.277985
-33.445016,94,4204.840138
-37.040778,93,4207.370353
-26.964597,96,4210.011114
-38.729019,96,4212.631787
-29.006331,94,4215.191264
-36.341114,94,4217.749185
-34.709353,93,4220.284912
-36.875064,95,4222.870465
-26.627976,94,4225.430172
-31.313633,95,4228.017186
-39.270462,95,4230.608721
-39.201837,94,4233.166335
-33.837173,95,4235.761894
-35.861506,93,4238.297845
-37.878737,93,4240.833845
-45.074096,93,4243.364856
-30.087884,94,4245.929791
-33.771619,95,4248.516415
-24.246233,94,4252.506511
-36.092479,94,4255.088789
-33.992941,94,4257.663965
-32.344944,94,4260.239547
-39.771742,96,4262.871052
-24.35678,95,4265.473839
-40.768642,96,4268.1027
-31.716754,93,4270.652331
-40.73017,94,4273.22588
-34.454705,94,4275.808302
-30.71568,97,4278.463655
-22.65903,94,4281.041892
-28.248528,94,4283.615956
-28.798418,94,4286.191274
-39.812229,94,4288.759915
-52.310395,124,4292.141969
-24.186756,94,4294.713689
-32.816956,94,4297.293408
-131.495791,87,4299.681543
-24.813809,94,4302.264577
-31.309144,94,4304.835566
-36.005283,93,4308.812318
-28.697625,94,4311.356328
-140.219456,120,4314.596925
-34.609031,94,4317.13873
-45.544227,106,4320.01156
-30.520587,94,4322.557795
-36.661036,94,4325.099101
-38.395348,95,4327.663402
-42.137876,95,4330.229759
-27.056393,94,4332.767271
-34.184616,94,4335.308391
-34.18636,95,4337.88647
-35.287591,93,4340.402265
-35.413071,94,4342.945551
-38.166401,94,4345.488377
-28.771719,94,4348.030627
-31.292542,94,4350.577011
-32.116185,95,4353.144799
-35.010442,94,4355.693373
-31.493757,108,4358.613043
-47.827633,96,4361.21059
-38.901182,94,4363.754624
-39.290844,96,4367.758307
-26.676824,94,4370.180433
-35.901346,96,4372.64915
-35.158121,96,4375.113374
-25.718658,94,4377.528084
-27.577861,97,4380.02876
-28.392353,94,4382.44276
-33.259841,94,4384.856817
-23.544185,95,4387.2984
-36.369719,94,4389.712265
-27.487223,94,4392.126288
-34.641501,97,4394.617347
-41.345981,93,4397.008143
-38.568521,103,4399.67309
-37.713081,94,4402.087823
-35.556812,95,4404.525525
-31.534472,103,4407.171607
-41.281824,95,4409.608149
-34.86146,94,4412.023097
-43.981052,103,4414.667211
-23.352009,94,4417.098429
-34.822988,93,4420.888921
-39.385368,94,4423.328852
-27.513994,96,4425.823901
-29.385776,94,4428.265382
-39.641235,101,4430.897525
-29.187103,94,4433.328486
-30.307875,94,4435.762952
-33.321224,97,4438.270946
-30.757229,95,4440.734113
-24.997884,94,4443.158279
-32.257642,95,4445.599146
-36.671587,94,4448.01112
-34.847172,94,4450.42142
-32.834023,96,4452.886742
-29.181712,94,4455.299964
-24.962046,96,4457.772144
-28.504343,94,4460.183822
-32.612283,97,4462.682963
-28.182112,94,4465.095127
-37.189437,96,4467.566529
-30.675289,95,4470.005899
-27.771247,94,4472.421015
-35.59798,94,4476.252845
-35.754098,105,4478.952469
-31.972594,94,4481.376483
-42.388406,94,4483.793943
-29.660126,96,4486.270499
-34.959704,98,4488.78901
-35.867848,93,4491.185578
-30.760255,93,4493.581975
-28.437844,94,4496.002878
-22.521512,94,4498.41902
-27.222964,96,4500.889175
-24.061567,94,4503.310698
-28.633982,103,4505.961642
-25.082189,96,4508.441929
-33.098424,94,4510.863318
-29.008546,96,4513.341966
-37.611329,94,4515.763879
-25.201717,95,4518.215308
-31.474548,94,4520.640349
-30.116949,95,4523.094321
-36.762549,94,4525.515303
-38.639192,94,4529.365682
-35.309505,93,4531.771395
-29.168418,95,4534.2192
-28.587148,94,4536.655679
-31.115536,95,4539.123738
-44.932175,94,4541.568591
-29.433371,94,4544.009687
-36.01187,94,4546.45307
-41.368694,96,4548.964044
-29.512869,97,4551.492052
-29.377989,94,4553.934319
-25.008685,94,4556.375924
-42.420614,94,4558.817574
-40.879726,97,4561.347034
-35.486143,98,4563.879538
-30.596346,96,4566.356737
-32.129011,94,4568.786203
-36.517622,94,4571.20587
-30.638396,94,4573.629601
-39.163339,94,4576.051183
-24.099372,94,4578.4732
-32.9743,94,4580.891215
-27.699523,95,4584.852963
-33.72233,94,4587.411727
-42.409445,95,4589.98225
-26.966426,94,4592.528458
-27.803725,94,4595.071337
-32.214483,94,4597.616723
-27.345078,94,4600.162597
-38.045727,93,4602.681873
-31.255299,94,4605.221962
-36.193785,94,4607.765753
-33.001195,94,4610.304751
-25.264747,94,4612.858433
-39.065727,100,4615.565259
-26.866929,94,4618.112703
-33.793838,94,4620.652625
-40.068584,93,4623.170251
-30.394161,94,4625.714712
-40.707788,100,4628.423367
-39.831025,98,4631.069233
-27.641184,95,4633.642625
-40.300315,95,4636.211854
-23.838082,95,4640.199613
-24.505909,97,4642.821435
-27.790009,94,4645.357202
-27.412308,94,4647.89874
-38.622185,103,4650.675934
-30.546181,95,4653.249815
-43.084422,97,4655.868865
-33.398002,94,4658.410865
-30.781801,96,4660.997077
-35.513944,96,4663.591072
-35.834042,94,4666.126265
-38.533664,94,4668.665439
-32.350369,101,4671.39317
-36.366804,94,4673.938885
-46.254872,96,4676.529272
-31.150146,95,4679.101269
-39.338613,94,4681.638214
-35.168553,96,4684.233731
-29.035854,95,4686.797243
-29.073078,94,4689.339841
-36.763209,95,4691.904818
-26.772214,94,4694.463064
-28.087952,94,4698.431694
-33.475194,97,4701.068294
-39.648017,93,4703.598576
-30.314388,93,4706.127462
-30.845052,95,4708.715268
-26.745883,96,4711.322034
-26.067333,95,4713.908576
-26.010374,94,4716.470272
-24.819757,96,4719.086821
-41.343164,98,4721.752836
-33.418541,96,4724.373178
-35.235922,94,4726.93046
-32.278709,94,4729.406206
-29.589295,94,4731.825418
-29.257121,96,4734.29609
-34.118005,94,4736.711219
-34.898031,96,4739.184219
-36.274209,95,4741.623789
-30.046051,96,4744.095259
-33.651698,94,4746.510738
-36.367466,93,4748.904133
-26.077988,94,4752.763417
-31.978889,97,4755.284578
-39.723446,96,4757.776737
-25.11575,95,4760.241649
-42.250007,94,4762.691581
-36.535901,95,4765.15487
-25.48389,95,4767.619253
-29.841946,98,4770.160331
-33.377774,94,4772.599985
-24.29511,94,4775.039283
-30.977778,93,4777.452744
-31.22314,94,4779.892697
-40.823877,95,4782.356569
-28.075006,94,4784.803935
-28.815328,94,4787.242534
-29.633004,96,4789.733217
-25.643387,94,4792.169328
-29.969118,94,4794.61273
-26.985225,95,4797.078907
-25.347043,95,4799.545633
-37.770176,93,4801.959461
-23.52767,95,4804.433835
-38.095636,101,4808.558743
-36.689001,93,4811.085749
-28.445648,94,4813.644589
-26.483582,94,4816.20026
-48.173724,98,4818.803957
-32.155915,97,4821.297527
-32.570422,95,4823.741751
-41.199412,94,4826.166926
-40.519304,94,4828.584295
-35.659102,94,4830.99463
-39.027812,98,4833.514573
-39.222432,93,4835.901391
-35.23132,94,4838.314884
-29.735642,94,4840.726719
-31.662448,95,4843.16804
-27.284031,94,4845.581083
-30.657827,97,4848.08349
-33.56327,94,4850.496351
-32.23163,95,4852.934773
-34.694235,94,4855.344907
-30.413249,96,4857.809039
-32.955169,96,4861.687793
-43.695231,102,4864.30405
-29.695544,94,4866.717151
-23.968056,94,4869.135626
-41.968009,96,4871.594587
-35.052081,94,4874.010622
-29.001977,95,4876.449373
-22.972475,95,4878.888221
-40.614272,94,4881.297385
-37.374325,94,4883.712987
-39.585498,93,4886.100305
-151.381096,110,4888.93589
-23.654336,95,4891.372441
-29.228681,94,4893.785649
-27.337704,94,4896.19473
-41.750249,98,4898.711084
-23.378086,94,4901.119283
-32.132721,94,4903.533635
-34.932875,99,4906.074474
-146.890638,111,4908.923693
-38.194689,95,4911.359237
-38.321768,94,4913.772025
-26.699471,94,4917.626175
-26.069735,95,4920.081157
-24.374157,96,4922.559758
-29.997958,106,4925.30272
-28.219254,94,4927.730917
-31.265605,98,4930.288943
-29.833867,100,4932.874772
-29.176081,99,4935.450673
-26.186626,94,4937.893276
-23.419395,94,4940.33085
-28.801153,96,4942.816545
-36.627081,93,4945.2273
-40.952963,93,4947.642725
-30.378634,94,4950.086338
-37.541382,94,4952.536266
-30.836421,95,4955.004716
-31.689247,94,4957.444839
-33.489141,95,4959.913837
-31.504733,94,4962.355458
-31.099419,97,4964.877813
-41.969209,94,4967.317129
-39.205856,94,4971.172485
-146.964206,117,4974.221156
-27.539907,94,4976.664335
-24.49059,97,4979.188716
-34.412527,94,4981.633264
-33.068,94,4984.080387
-24.837907,95,4986.551373
-28.472094,94,4988.997734
-28.387,94,4991.444071
-34.550962,93,4993.871292
-140.260982,112,4996.787414
-27.883647,94,4999.23366
-37.816209,94,5001.678298
-46.44431,94,5004.125929
-26.310487,94,5006.569966
-40.265015,107,5009.356728
-27.889096,94,5011.802305
-36.898825,94,5014.252996
-43.514053,103,5016.935173
-31.084198,98,5019.494949
-39.366214,94,5021.939633
-37.110144,94,5025.77378
-24.727509,97,5028.285324
-146.399952,111,5031.160966
-26.978178,94,5033.595009
-24.043503,97,5036.113943
-48.619557,104,5038.806224
-42.188937,100,5041.395895
-38.436327,94,5043.830331
-33.768196,96,5046.316032
-23.133611,95,5048.773326
-38.94821,93,5051.185346
-28.897944,94,5053.622746
-26.055555,95,5056.085506
-43.156103,93,5058.4968
-41.391979,98,5061.078112
-45.750909,94,5063.540342
-38.70442,94,5066.005405
-24.959106,94,5068.463238
-30.779051,95,5070.950541
-25.07495,95,5073.435417
-30.005918,94,5075.898276
-24.821136,94,5079.67729
-38.131158,98,5082.200645
-38.235425,94,5084.622678
-27.339255,97,5087.118763
-38.74412,94,5089.539221
-24.827598,94,5091.956226
-24.656655,95,5094.401034
-33.731819,95,5096.844875
-32.660995,100,5099.422255
-42.775404,94,5101.847009
-31.722826,96,5104.316612
-27.611566,94,5106.732379
-39.86025,95,5109.173917
-24.41198,94,5111.595244
-25.153022,95,5114.030638
-42.573401,96,5116.496349
-39.243347,94,5118.905689
-34.894586,94,5121.320075
-30.628906,94,5123.728885
-32.0899,101,5126.331352
-45.092949,94,5128.739384
-33.334648,107,5131.481572
-41.456876,94,5135.303229
-28.231019,94,5137.743559
-25.232012,94,5140.184939
-39.202386,95,5142.652752
-36.528242,103,5145.345052
-33.135286,94,5147.789051
-27.870533,94,5150.235125
-37.364584,94,5152.676976
-39.720534,94,5155.11882
-27.010785,94,5157.556647
-39.393865,93,5159.97543
-26.515493,94,5162.416899
-26.392468,94,5164.863833
-34.991538,93,5167.283805
-32.581317,94,5169.728914
-23.401023,94,5172.171799
-36.953827,94,5174.617048
-32.137653,96,5177.113418
-46.494816,94,5179.557986
-27.371145,96,5182.044974
-34.556957,94,5184.47979
-26.572429,94,5188.273919
-30.830599,94,5190.718926
-28.858832,94,5193.163415
-25.774032,94,5195.606338
-32.583164,94,5198.048319
-23.74387,94,5200.491134
-41.735049,93,5202.905829
-34.903908,98,5205.454285
-34.960071,94,5207.895504
-30.294043,94,5210.350914
-24.860707,96,5212.845574
-29.394357,94,5215.290183
-31.659177,94,5217.730908
-34.124693,94,5220.176919
-42.613228,94,5222.60907
-33.35248,95,5225.072025
-39.343425,96,5227.559729
-27.637187,95,5230.025571
-24.655625,94,5232.463135
-22.6506,94,5234.897005
-35.651463,94,5237.330051
-40.837618,95,5239.787239
-40.847608,94,5243.617022
-28.654541,94,5246.050103
-36.556423,94,5248.482775
-31.05356,94,5250.919619
-34.452563,95,5253.385346
-37.817488,95,5255.838041
-35.765906,94,5258.262276
-28.708477,96,5260.741449
-29.428107,94,5263.166858
-39.036108,93,5265.567633
-23.184186,94,5267.988621
-27.623915,96,5270.467027
-25.082724,94,5272.890036
-24.512679,94,5275.318686
-43.824225,93,5277.720245
-37.401486,95,5280.16815
-41.159456,93,5282.572592
-38.648042,94,5284.997625
-29.840065,94,5287.426081
-36.257841,93,5289.823278
-23.890726,94,5292.249405
-33.486224,94,5294.671574
-36.980509,95,5298.523616
-25.379373,94,5300.952578
-34.218415,96,5303.429992
-30.012172,94,5305.857444
-25.219264,94,5308.279953
-37.749666,94,5310.706993
-24.194791,94,5313.130803
-28.567147,94,5315.554561
-28.422507,94,5317.978468
-38.907746,96,5320.470964
-25.80662,94,5322.899887
-24.196483,94,5325.321398
-25.682584,94,5327.746531
-37.660748,93,5330.14528
-26.831269,97,5332.65127
-35.998461,108,5335.435565
-29.291761,94,5337.858297
-30.938919,94,5340.282684
-37.27609,98,5342.825146
-29.177244,94,5345.247689
-24.274142,95,5347.701296
-42.39707,94,5351.564732
-27.435067,94,5353.995018
-33.23587,94,5356.428722
-21.520476,94,5358.857441
-38.470939,94,5361.296403
-40.124227,94,5363.729553
-22.267014,94,5366.162937
-37.020029,94,5368.593347
-31.914069,94,5371.027492
-44.04235,96,5373.51313
-39.684195,93,5375.930049
-28.931962,95,5378.385489
-37.842098,93,5380.79417
-32.855231,94,5383.22664
-23.236284,95,5385.688283
-33.813793,95,5388.151617
-28.044327,97,5390.668472
-24.116778,95,5393.135692
-40.613126,94,5395.573296
-35.420554,98,5398.119702
-33.174863,95,5400.585856
-35.582266,94,5403.021613
-25.475044,94,5406.909538
-23.570948,94,5409.337801
-45.651284,107,5412.103883
-39.892287,94,5414.532169
-39.103778,95,5417.003827
-28.608512,95,5419.470829
-40.491531,94,5421.910184
-36.75647,94,5424.349873
-38.97818,94,5426.80417
-38.150836,94,5429.241047
-41.008255,94,5431.678386
-33.421011,94,5434.120345
-24.102002,94,5436.56343
-41.829725,96,5439.054145
-25.535541,94,5441.496137
-24.382505,94,5443.936065
-37.736582,93,5446.360528
-37.972238,94,5448.802431
-27.85304,95,5451.274326
-26.049276,95,5453.734172
-40.449997,96,5456.220161
-26.377678,94,5458.652095
-36.650584,94,5462.518401
-29.132332,95,5464.993348
-24.093757,94,5467.453518
-30.584756,95,5469.935677
-36.900288,94,5472.393868
-25.899263,96,5474.899052
-38.791549,96,5477.410439
-23.754774,94,5479.865243
-26.23242,96,5482.376122
-26.467486,96,5484.885367
-36.495782,94,5487.346675
-21.575503,94,5489.807899
-23.619371,94,5492.274498
-40.61452,96,5494.787807
-41.733534,95,5497.276631
-36.087722,95,5499.761306
-42.354107,94,5502.226564
-28.623622,98,5504.791081
-28.504059,95,5507.280032
-27.025534,95,5509.76357
-38.168148,94,5512.231527
-32.426894,94,5516.09013
-26.395693,94,5518.552411
-30.042013,99,5521.144286
-39.036482,94,5523.584711
-29.105691,94,5526.011461
-24.196054,94,5528.44086
-23.8129,95,5530.891517
-32.81666,94,5533.323427
-38.68146,97,5535.828191
-33.770976,94,5538.263589
-25.408367,95,5540.712267
-33.192363,94,5543.141198
-39.388869,94,5545.562405
-22.446704,94,5547.987352
-36.511728,93,5550.41186
-162.505205,119,5553.473311
-31.510052,94,5555.897038
-28.580887,95,5558.35214
-27.312146,97,5560.851658
-34.606471,94,5563.276219
-33.788048,94,5565.697591
-25.100525,94,5569.54508
-27.724197,94,5571.964856
-43.382034,93,5574.358286
-37.441206,93,5576.751792
-32.407473,97,5579.255035
-133.126387,108,5582.033047
-27.702068,95,5584.473211
-27.648215,94,5586.898295
-42.035684,95,5589.354355
-37.97846,94,5591.787973
-33.708455,96,5594.277234
-34.494488,94,5596.718694
-40.001397,94,5599.15958
-38.452049,94,5601.599493
-30.201061,94,5604.048936
-27.932953,94,5606.49001
-25.118663,96,5608.986835
-35.119867,94,5611.428648
-40.516208,94,5613.877338
-24.570653,95,5616.346442
-31.130591,94,5618.79494
-40.319571,96,5621.287867
-30.354416,94,5625.199412
-45.107955,97,5627.73214
-37.813327,93,5630.1597
-24.452696,94,5632.638289
-31.32673,96,5635.230007
-41.173532,94,5637.772115
-28.327206,94,5640.313466
-41.366054,95,5642.882028
-28.198156,94,5645.420003
-41.546527,95,5647.992714
-27.10214,94,5650.528175
-25.258688,95,5653.099553
-38.486866,95,5655.669572
-36.419921,95,5658.243722
-42.234964,96,5660.842127
-23.23578,94,5663.277965
-29.480699,94,5665.688289
-38.505017,94,5668.112484
-31.489114,95,5670.55128
-23.203076,96,5673.018379
-30.813208,94,5675.428349
-23.351285,94,5677.842992
-30.566099,94,5681.651675
-29.068818,94,5684.066503
-24.154486,94,5686.478743
-24.660782,96,5688.944576
-33.377172,94,5691.363343
-35.057965,94,5693.779856
-41.397829,96,5696.242661
-27.461857,94,5698.657947
-26.86194,94,5701.066252
-34.976305,93,5703.456436
-35.219482,93,5705.844807
-36.222748,94,5708.25982
-30.981298,95,5710.693784
-38.189942,94,5713.112547
-28.177313,94,5715.525168
-36.355547,94,5717.938096
-37.031054,94,5720.351887
-37.333443,95,5722.78933
-26.1945,94,5725.200068
-23.75388,96,5727.661139
-41.337546,93,5730.047628
-33.455821,95,5733.826239
-31.141665,94,5736.235231
-26.434898,95,5738.698374
-36.500697,94,5741.135678
-35.221757,94,5743.576952
-32.60228,94,5746.014081
-25.259931,94,5748.458973
-34.974476,94,5750.903152
-35.348743,94,5753.350984
-139.461491,116,5756.354372
-34.163548,94,5758.795775
-39.538931,94,5761.234246
-31.82423,94,5763.678694
-24.889707,94,5766.117546
-23.382766,94,5768.559526
-29.37815,95,5771.023293
-26.662415,94,5773.468926
-32.578281,94,5775.915098
-32.163641,94,5778.356858
-37.334232,95,5780.820445
-32.461991,94,5783.260973
-30.554566,96,5785.754336
-32.157918,94,5789.577141
-46.339479,94,5792.012114
-23.989621,94,5794.46173
-29.120234,94,5796.899064
-35.49673,94,5799.349519
-35.647927,94,5801.794734
-35.085782,94,5804.242186
-26.893173,94,5806.682105
-29.911196,95,5809.154822
-31.404653,94,5811.595271
-23.690542,94,5814.045698
-40.974014,98,5816.587897
-25.305805,94,5819.036324
-23.246754,94,5821.475578
-25.063468,99,5824.04923
-30.05092,96,5826.539132
-30.875342,94,5828.981542
-30.577965,99,5831.54733
-21.82503,94,5833.987853
-22.785685,94,5836.42496
-33.571816,93,5838.839622
-35.673869,94,5842.596278
-41.122862,95,5845.063152
-38.92743,95,5847.526157
-44.987983,96,5850.018371
-34.534227,96,5852.515465
-24.155816,94,5854.958332
-29.093916,95,5857.423169
-39.905958,93,5859.855758
-34.433408,95,5862.317744
-43.436564,103,5864.988278
-26.319791,94,5867.423752
-29.397205,94,5869.863368
-39.59664,97,5872.377837
-27.242203,95,5874.847887
-38.691816,94,5877.285419
-41.670214,93,5879.714571
-35.201676,95,5882.180419
-30.024484,95,5884.651552
-30.431016,94,5887.090932
-37.857988,93,5889.509096
-28.328532,97,5892.024723
-27.722874,94,5894.468426
-24.368189,96,5898.383399
-38.350177,95,5900.846469
-27.732192,95,5903.296342
-33.002275,95,5905.750476
-26.004642,95,5908.199032
-37.539037,94,5910.622684
-21.304818,94,5913.043361
-31.239752,95,5915.494107
-39.329796,94,5917.915817
-39.818242,94,5920.349187
-29.89174,94,5922.776651
-26.001776,94,5925.202762
-44.794477,107,5927.960457
-28.184865,94,5930.385416
-38.229897,94,5932.811926
-31.669467,94,5935.243201
-23.800203,94,5937.669244
-36.231218,96,5940.159563
-33.177787,94,5942.58708
-25.437534,95,5945.045125
-33.629921,93,5947.447169
-31.238685,94,5949.875393
-22.131453,94,5953.696131
-26.885617,94,5956.114919
-37.821516,94,5958.531083
-28.882848,94,5960.964495
-37.211156,93,5963.36056
-41.581893,96,5965.856793
-22.98602,95,5968.320839
-28.642181,94,5970.76299
-31.979115,93,5973.178194
-32.966878,94,5975.621072
-40.284549,97,5978.138006
-32.149984,94,5980.58149
-25.055706,96,5983.072098
-31.152944,96,5985.575494
-25.772198,94,5988.017361
-36.265178,94,5990.463159
-21.688953,95,5992.929256
-27.004965,97,5995.45177
-34.573719,96,5997.946126
-42.802363,95,6000.417877
-27.996899,94,6002.860824
-31.70822,97,6006.807945
-30.980269,94,6009.25627
-34.248124,96,6011.754595
-26.424494,94,6014.207825
-39.826943,95,6016.683021
-39.227453,96,6019.183116
-39.121979,99,6021.761174
-45.744418,101,6024.396652
-35.585981,94,6026.844299
-36.2501,93,6029.27819
-32.677498,94,6031.729222
-25.69756,95,6034.204128
-21.576023,94,6036.650389
-34.118824,96,6039.152435
-28.694154,96,6041.651838
-41.44878,95,6044.122319
-36.464201,94,6046.571574
-22.57292,95,6049.039769
-27.038535,94,6051.497684
-23.840169,96,6053.994786
-27.077466,98,6056.543393
-26.945009,95,6059.011569
-43.621994,98,6062.968273
-27.237016,96,6065.455164
-34.382152,94,6067.888461
-33.822788,95,6070.362353
-41.970711,94,6072.79108
-28.812525,94,6075.226171
-30.584171,95,6077.679235
-31.361301,95,6080.13669
-29.07445,95,6082.588165
-28.071012,96,6085.07371
-32.357992,101,6087.681045
-35.119163,93,6090.086953
-34.004425,96,6092.563108
-31.182076,95,6095.065065
-27.288313,94,6097.52228
-36.591795,96,6100.035557
-29.683785,94,6102.489115
-40.616572,98,6105.049646
-43.741409,101,6107.688227
-23.836598,94,6110.145218
-29.544375,94,6112.598124
-23.008183,94,6116.309824
-33.216258,94,6118.722551
-31.260084,94,6121.14124
-33.572309,93,6123.531959
-31.177324,94,6125.955705
-46.674296,97,6128.447523
-22.797449,94,6130.86073
-133.724541,86,6133.0574
-41.799459,95,6135.51507
-20.90924,95,6137.954138
-26.705839,94,6140.370174
-30.204953,94,6142.7848
-35.303804,94,6145.207768
-37.421485,98,6147.721263
-25.335098,94,6150.137883
-28.068143,96,6152.59999
-40.003165,94,6155.013774
-26.713222,96,6157.506576
-22.998803,94,6159.938504
-28.356138,94,6162.373742
-33.346153,94,6164.811153
-24.373635,94,6167.244289
-31.643213,94,6171.086945
-24.889809,97,6173.617017
-34.157866,94,6176.068717
-34.503581,93,6178.493724
-30.41631,94,6180.955477
-28.247096,103,6183.642596
-23.318991,96,6186.146207
-29.029856,96,6188.647204
-35.855518,94,6191.0983
-41.754382,94,6193.548846
-24.62611,95,6196.030229
-25.966698,96,6198.537795
-33.321311,94,6200.990806
-36.597123,95,6203.466535
-37.737445,96,6205.968395
-32.469444,95,6208.443712
-128.391869,104,6211.154753
-33.48604,96,6213.657843
-36.750815,94,6216.114063
-35.854854,93,6218.539944
-27.831581,94,6221.006356
-129.275863,86,6224.664837
-23.497417,94,6227.108123
-30.83478,94,6229.55302
-39.2468,94,6231.99932
-28.915288,94,6234.442219
-42.070004,93,6236.862366
-26.218199,94,6239.303135
-32.835073,94,6241.756105
-36.134926,95,6244.223749
-31.663423,95,6246.693725
-32.292655,94,6249.13868
-36.837231,94,6251.582399
-31.843071,94,6254.023124
-40.739491,95,6256.491263
-26.619784,94,6258.932263
-31.276321,96,6261.432155
-27.669115,95,6263.900111
-35.881078,94,6266.352568
-36.922003,94,6268.795718
-28.756654,94,6271.241589
-133.94178,86,6273.471391
-24.524617,94,6275.918444
-40.408923,94,6279.752796
-23.233954,94,6282.198486
-31.988373,93,6284.614773
-32.083316,94,6287.073202
-33.089578,93,6289.490669
-35.472289,94,6291.938577
-32.160642,94,6294.381146
-36.889855,94,6296.827766
-33.41605,94,6299.271193
-42.960265,97,6301.793229
-33.702008,94,6304.235548
-29.941292,96,6306.736174
-27.715722,94,6309.187009
-36.878374,93,6311.608059
-30.226657,95,6314.076683
-27.798485,94,6316.524667
-35.820264,93,6318.943062
-41.359775,94,6321.390905
-29.330031,94,6323.831986
-34.524147,97,6326.372462
-24.904318,96,6328.857712
-35.619947,94,6331.298474
-37.350873,94,6335.142263
-32.101791,95,6337.602441
-36.34309,96,6340.079408
-33.424291,94,6342.506151
-25.424617,94,6344.930144
-23.821629,94,6347.361752
-24.496119,94,6349.783118
-33.127774,94,6352.211437
-39.555062,93,6354.609358
-23.402311,95,6357.066659
-37.966357,106,6359.80289
-39.369547,94,6362.231778
-32.088299,94,6364.658844
-25.102896,95,6367.115767
-25.586926,94,6369.550375
-39.169327,96,6372.038255
-28.254614,102,6374.675382
-36.85634,95,6377.131467
-37.367953,93,6379.529107
-29.121391,97,6382.038594
-31.407617,95,6384.489502
-25.546994,99,6388.482288
-28.484823,94,6390.9259
-30.475591,94,6393.374341
-25.041887,94,6395.817151
-31.135298,94,6398.266708
-34.796292,93,6400.687092
-36.230145,94,6403.135383
-31.313205,95,6405.604069
-24.378446,94,6408.049889
-33.004256,94,6410.494407
-24.826289,94,6412.945249
-36.212105,94,6415.389077
-31.994972,97,6417.916085
-30.89228,94,6420.360391
-30.430891,94,6422.805471
-43.67221,94,6425.2506
-26.378683,94,6427.699114
-25.890414,94,6430.142154
-30.328722,94,6432.59653
-38.063211,94,6435.040741
-32.784143,93,6437.462707
-28.055045,94,6439.907401
-23.989209,95,6443.803629
-31.098223,95,6446.270727
-36.609612,95,6448.735913
-23.907509,95,6451.20224
-40.826608,93,6453.646631
-33.13654,94,6456.104595
-37.103449,94,6458.568904
-36.923619,94,6461.023079
-30.729546,95,6463.508964
-37.299875,93,6465.944516
-39.308406,94,6468.413388
-28.871948,95,6470.901004
-35.439161,94,6473.371516
-33.33331,94,6475.839582
-39.137836,96,6478.360772
-26.431159,94,6480.820956
-39.227676,93,6483.263227
-31.277568,94,6485.728254
-34.536802,94,6488.195697
-34.776017,94,6490.660756
-35.065691,96,6493.187031
-36.969394,94,6495.651423
-38.334511,93,6499.493533
-28.36327,94,6501.929931
-30.701265,94,6504.360353
-28.476906,96,6506.844247
-32.503743,93,6509.248181
-28.964438,95,6511.715376
-36.856399,97,6514.24704
-25.181249,95,6516.717206
-34.975812,94,6519.16455
-26.090207,94,6521.614384
-28.199362,94,6524.059725
-33.022842,95,6526.525744
-31.068706,94,6528.971073
-33.36738,93,6531.386714
-34.69759,95,6533.857793
-31.593112,94,6536.298478
-31.820711,93,6538.730028
-26.598434,94,6541.174261
-25.498027,95,6543.648079
-135.27889,103,6546.332081
-30.115949,95,6548.809368
-23.854229,97,6552.739078
-35.386223,94,6555.161118
-28.727558,94,6557.595142
-35.741378,94,6560.021056
-33.678967,94,6562.459909
-30.010546,95,6564.923334
-20.812996,94,6567.361389
-24.576115,94,6569.797747
-29.8787,94,6572.238276
-39.392647,93,6574.651455
-26.293977,94,6577.095245
-41.356876,94,6579.53264
-24.86919,94,6581.969345
-28.777994,95,6584.437496
-37.325349,94,6586.879072
-21.619945,94,6589.324049
-32.108244,95,6591.795802
-31.05595,94,6594.242805
-36.675207,95,6596.71131
-39.771424,93,6599.131403
-38.596228,99,6601.689903
-30.244432,94,6604.120862
-30.211954,94,6607.990035
-39.933875,94,6610.443421
-24.75606,94,6612.899297
-34.12999,94,6615.350556
-27.28182,96,6617.861066
-25.046317,94,6620.313405
-25.149563,94,6622.768143
-24.800717,96,6625.270888
-35.765584,94,6627.732594
-25.905572,94,6630.185577
-35.632243,94,6632.641613
-34.070892,94,6635.091252
-27.466814,94,6637.547346
-35.891113,94,6639.992066
-32.471093,95,6642.45964
-33.122817,94,6644.893274
-33.27268,95,6647.351923
-32.289126,96,6649.839319
-44.208593,94,6652.276717
-35.838905,94,6654.71509
-27.68717,95,6657.174143
-24.876548,94,6659.612156
-28.269063,96,6663.527829
-31.42648,96,6666.012954
-36.713085,94,6668.450361
-38.246072,93,6670.861048
-37.750573,94,6673.302031
-23.064746,94,6675.74406
-22.918416,94,6678.18976
-28.836967,94,6680.63439
-28.531426,96,6683.144156
-35.940335,93,6685.552404
-32.080168,94,6687.991086
-40.298299,94,6690.425062
-30.839699,95,6692.887754
-35.092688,94,6695.322707
-21.909034,94,6697.758969
-28.483744,94,6700.196079
-21.172232,95,6702.655135
-36.489324,94,6705.0988
-27.153933,94,6707.533515
-37.732715,94,6709.971408
-44.359767,107,6712.75089
-133.7034,86,6716.403006
-34.526045,95,6718.87479
-21.874143,95,6721.340482
-40.725215,103,6724.022805
-36.36693,94,6726.465464
-29.869613,94,6728.919005
-24.483302,95,6731.38842
-25.556241,94,6733.835479
-25.310277,95,6736.302814
-34.618188,93,6738.72364
-30.031645,94,6741.16737
-24.862911,94,6743.623219
-34.581129,94,6746.06725
-21.729222,95,6748.537833
-32.93179,93,6750.953454
-36.813951,96,6753.45542
-27.874802,94,6755.90255
-23.266976,94,6758.347882
-34.060011,94,6760.782191
-27.96736,96,6763.270713
-40.131837,94,6765.709338
-31.686915,93,6768.121832
-30.355646,95,6771.994041
-22.119432,94,6774.431202
-34.999756,94,6776.870276
-21.411866,95,6779.338016
-36.340968,94,6781.774206
-32.99613,94,6784.221148
-34.165507,94,6786.658068
-32.063406,94,6789.095183
-34.107097,94,6791.540712
-34.099187,94,6793.984103
-36.220385,93,6796.394375
-31.920702,96,6798.886923
-28.344121,95,6801.34937
-34.118658,94,6803.794545
-28.810432,94,6806.231181
-21.514194,94,6808.66962
-22.898842,94,6811.108688
-32.815469,94,6813.547796
-39.391859,94,6815.985426
-30.182085,94,6818.432327
-36.736044,95,6820.898767
-30.533351,94,6823.338604
-30.70304,94,6827.094748
-41.988973,93,6829.501564
-35.963969,94,6831.927421
-43.019582,95,6834.384855
-35.677179,94,6836.811841
-22.747305,94,6839.240759
-30.669307,94,6841.667949
-22.482447,95,6844.131274
-23.43975,94,6846.560653
-32.400499,93,6848.966717
-38.92259,96,6851.446801
-37.259974,97,6853.953532
-22.121173,94,6856.379511
-36.800923,94,6858.810128
-30.537898,95,6861.260674
-37.49516,94,6863.695697
-140.473761,115,6866.672024
-27.236039,95,6869.127762
-24.254606,94,6871.55195
-31.557512,94,6873.9829
-38.741954,95,6876.556581
-26.227837,94,6880.525983
-37.367636,93,6883.071083
-35.645276,93,6885.653599
-29.086759,94,6888.227806
-41.084461,95,6890.828229
-29.50124,97,6893.482154
-32.278458,94,6896.061503
-35.961108,94,6898.630458
-24.883604,95,6901.232195
-30.720822,94,6903.803586
-28.489104,95,6906.401555
-34.179136,96,6909.034547
-29.938185,94,6911.609451
-36.686851,96,6914.237332
-32.556861,93,6916.781344
-38.362129,96,6919.408714
-24.272527,95,6922.005407
-29.380666,94,6924.579011
-24.970288,96,6927.202336
-21.796707,94,6929.778768
-36.213799,93,6932.323457
-28.887515,94,6934.898017
