#{"t_start": 1768366596.4201388, "env_id": "None"}
r,l,t
-1794.705264,500,14.757713
-2289.12184,500,28.134938
-2426.048393,500,41.298196
-2382.317885,500,54.605552
-1996.588127,500,69.939069
-1733.249839,500,83.17918
-1669.321187,500,96.432174
-1779.979765,500,109.546466
-2191.363626,500,124.107803
-1931.417387,500,137.365748
-1665.513223,500,150.653231
-1937.719761,500,163.962353
-1841.437809,500,178.775945
-2319.431222,500,192.100875
-1491.762535,500,205.55676
-2030.641345,500,218.886835
-2285.385984,500,233.668832
-2065.886923,500,246.812886
-1626.71376,500,260.025188
-1338.63061,500,273.268526
-1430.11872,500,288.023419
-1962.38133,500,301.472968
-1876.69828,500,315.020738
-1863.402934,500,328.472918
-1820.856914,500,343.209048
-2160.070968,500,356.607547
-2602.43116,500,370.079368
-1663.244234,500,383.544507
-1888.993036,500,398.369564
-2422.245769,500,411.843801
-2588.725314,500,425.026861
-1761.696302,500,437.733667
-2273.369243,500,451.919751
-2379.519652,500,464.720541
-2582.661902,500,477.520176
-1729.486732,500,490.366636
-1751.719626,500,504.511478
-1737.8008,500,517.316427
-1935.196583,500,530.117279
-2399.02728,500,542.863264
-1882.644681,500,557.055287
-2302.107977,500,569.721891
-2083.38439,500,582.365428
-2127.807731,500,595.012694
-1906.061971,500,607.645789
-1899.538607,500,621.832544
-2008.310898,500,634.701071
-2423.486944,500,647.544422
-1826.903454,500,660.381906
-2250.797688,500,674.719313
-2882.761715,500,687.59303
-1822.087435,500,700.485563
-1922.979617,500,713.354415
-3118.362254,500,727.487705
-2073.215314,500,740.175007
-2704.269906,500,752.923871
-2300.266428,500,765.625782
-2620.287324,500,779.825806
-3330.437363,500,792.47312
-2851.765997,500,805.198442
-2240.725885,500,817.914099
-2545.690619,500,832.113165
-2829.586923,500,844.936562
-2429.87932,500,857.759398
-2353.947704,500,870.913622
-2272.267837,500,885.661172
-2385.589977,500,899.066889
-3060.660066,500,912.313248
-2886.546585,500,925.652849
-2694.793876,500,940.398674
-2263.550446,500,953.880893
-2662.914053,500,967.345618
-2943.265044,500,980.777505
-2643.660114,500,995.554474
-2257.725559,500,1008.940394
-2600.598669,500,1022.329164
-3193.577938,500,1035.749802
-2330.333328,500,1050.510232
-2696.183032,500,1063.752864
-1977.589887,500,1076.955187
-2498.51903,500,1090.224595
-2708.324058,500,1104.844639
-2951.913463,500,1118.033725
-2634.350321,500,1131.272254
-2221.063854,500,1144.507057
-3040.276249,500,1157.720686
-2392.494045,500,1172.370732
-2402.507211,500,1185.656348
-2961.180698,500,1198.867164
-2728.742356,500,1212.06814
-1863.4224,500,1226.673439
-2304.840142,500,1239.992562
-1888.99631,500,1253.391192
-1773.237408,500,1266.704025
-2035.802486,500,1281.535317
-2628.879897,500,1294.966213
-2485.806047,500,1308.318246
-1954.668162,500,1321.652451
-2362.415622,500,1336.516062
-1858.519578,500,1349.84685
-1948.351766,500,1363.22917
-1958.411143,500,1376.603878
-1869.700209,500,1391.437264
-2430.922881,500,1404.793427
-2001.052077,500,1418.274713
-2332.883304,500,1431.535224
-1714.921136,500,1446.417413
-1814.169706,500,1459.889212
-1640.999893,500,1473.323935
-1419.126327,500,1486.688999
-2160.278599,500,1501.52976
-1882.282938,500,1514.860098
-1747.342353,500,1528.202134
-1895.597595,500,1541.398001
-2362.366987,500,1555.979666
-2279.052336,500,1569.362406
-1735.278236,500,1582.556451
-2118.329349,500,1595.734901
-1859.662959,500,1610.410071
-2079.869661,500,1623.481376
-1981.198195,500,1636.580839
-2152.260788,500,1649.8318
-2018.444132,500,1664.276884
-1689.979822,500,1677.470084
-2109.693831,500,1690.564608
-2322.001204,500,1703.79363
-1678.578693,497,1718.172915
-1865.08428,500,1731.316493
-1926.983316,500,1744.488422
-960.67694,318,1752.935228
-2200.117111,500,1766.047966
-2102.281825,500,1780.541565
-3103.551758,495,1793.283461
-1932.158354,474,1805.659951
-1988.222638,442,1817.17679
-2258.121455,500,1831.566659
-1778.953387,495,1844.603201
-1117.125874,390,1854.949779
-1413.365365,431,1866.290167
-2134.316765,500,1879.422962
-1474.216205,459,1892.961959
-627.248408,258,1899.845815
-1506.821358,392,1910.221832
-647.287576,270,1917.449462
-1542.679099,451,1929.416157
-1045.657553,399,1941.395646
-919.872631,379,1951.339506
-1224.400461,316,1959.600764
-1530.180526,396,1969.957429
-1424.562208,376,1979.82234
-544.69618,199,1985.117037
-1591.177018,409,1997.265378
-417.347461,191,2002.398011
-641.236297,284,2010.046672
-567.179827,235,2016.410413
-616.045476,265,2023.537682
-721.230543,250,2030.27235
-755.341877,208,2035.903896
-439.484664,173,2040.589862
-596.312063,229,2046.714899
-711.311611,326,2056.876321
-527.640599,193,2062.070533
-797.120059,268,2069.28229
-1268.994379,374,2079.221837
-859.713897,270,2086.45205
-609.890269,235,2092.756942
-526.558906,265,2099.875341
-512.172153,207,2105.416541
-532.463998,217,2112.559467
-1297.72102,363,2122.094031
-1066.38352,296,2129.851504
-634.289204,202,2135.189247
-548.566061,162,2139.499244
-915.222853,260,2146.355793
-745.727318,247,2152.8429
-1003.767394,330,2162.916025
-605.593288,241,2169.276533
-918.917528,301,2177.192021
-492.283645,192,2182.292319
-503.006298,175,2186.960981
-659.982353,241,2193.270019
-622.789261,190,2198.304078
-481.509365,159,2202.491621
-349.346751,159,2206.711947
-455.397303,151,2210.722981
-338.437596,142,2214.479742
-411.089033,176,2220.5909
-326.080729,143,2224.426701
-297.097305,124,2227.753201
-329.913663,163,2232.09356
-345.486928,139,2235.799024
-605.359551,210,2241.361344
-510.948881,186,2246.320037
-295.656455,147,2250.249134
-527.82383,190,2255.288903
-298.932879,145,2259.158089
-283.986934,133,2262.714321
-585.067889,211,2268.313817
-698.539605,231,2275.846182
-778.441266,197,2281.009822
-282.560851,124,2284.307805
-376.209923,164,2288.660149
-323.031841,135,2292.26829
-437.345094,142,2296.025661
-592.855644,177,2300.694015
-364.132209,158,2304.887873
-346.781825,138,2308.543265
-719.679764,196,2313.695019
-520.200149,170,2318.208823
-333.401479,136,2321.823101
-395.77078,144,2325.645054
-306.97382,136,2330.682979
-404.380121,161,2334.925707
-325.637462,151,2338.925772
-396.758563,131,2342.414078
-469.295457,177,2347.085151
-352.334025,141,2350.819463
-620.604426,203,2356.139749
-346.528548,168,2360.586845
-621.706488,232,2366.673671
-553.673495,188,2371.623349
-385.788633,156,2375.758095
-636.815168,231,2381.824822
-342.292141,128,2386.595924
-569.836411,208,2391.928605
-646.039959,208,2397.173225
-797.205744,209,2402.432671
-327.758565,138,2405.95296
-679.435277,204,2411.105263
-344.289461,134,2414.528839
-362.660595,150,2418.362881
-656.236689,214,2423.767704
-350.706656,146,2427.511244
-858.451507,214,2432.913231
-350.47604,129,2436.217183
-615.176205,197,2442.61013
-511.744127,185,2447.272482
-622.428934,211,2452.574419
-369.251392,138,2456.092479
-259.717843,132,2459.441514
-407.345269,159,2463.500691
-333.809562,156,2467.476987
-703.038406,207,2472.681968
-452.730285,158,2476.699633
-576.155856,226,2482.401785
-572.612385,216,2487.855567
-313.401372,130,2492.608405
-394.48377,156,2496.773126
-295.065205,139,2500.311047
-386.322362,169,2504.785994
-443.19316,163,2509.147808
-456.475575,177,2513.876685
-754.977012,225,2519.802579
-367.256617,146,2523.676633
-305.583377,120,2526.86202
-538.913411,181,2531.679693
-474.364756,184,2536.523131
-350.772755,133,2540.062556
-510.478684,197,2545.312345
-358.641592,146,2550.619614
-373.124907,136,2554.283082
-261.250285,130,2557.774323
-352.521287,141,2561.56406
-312.116065,139,2565.29694
-254.008469,135,2568.90779
-319.061838,125,2572.270635
-445.828427,163,2576.646644
-582.014982,176,2581.32055
-339.010389,130,2584.821115
-397.330259,166,2589.251602
-345.85761,167,2593.707015
-379.297232,151,2597.752715
-524.665291,150,2601.785153
-347.431718,115,2606.274177
-323.349623,111,2609.257752
-364.588734,126,2612.649101
-443.472355,166,2617.1035
-276.420331,128,2620.544222
-328.640563,131,2624.085747
-366.611002,137,2627.770741
-301.021703,131,2631.28652
-399.390412,141,2635.104724
-425.918033,140,2638.859728
-512.198318,147,2642.795701
-481.592622,188,2647.784915
-340.196117,127,2651.185609
-253.299548,115,2654.292447
-325.384244,127,2657.70633
-324.93968,119,2662.303112
-560.743699,182,2667.110008
-299.287276,119,2670.287301
-338.465069,128,2673.700772
-466.828109,157,2677.8655
-397.131574,137,2681.515522
-300.194915,120,2684.73328
-363.328443,141,2688.511702
-383.285359,141,2692.262421
-394.921582,147,2696.160728
-348.182619,123,2699.442519
-334.044024,136,2703.04947
-228.81481,113,2706.079984
-314.69646,116,2709.182598
-338.246137,119,2712.361038
-284.19231,133,2717.305935
-440.258888,127,2720.691043
-329.90201,115,2723.789897
-360.828912,122,2727.056937
-293.684449,126,2730.421204
-239.265388,110,2733.365168
-456.728272,133,2736.915798
-655.990015,169,2741.394385
-251.594642,104,2744.188659
-815.383119,172,2748.718813
-510.546947,133,2752.272741
-300.840818,128,2755.69695
-478.344422,146,2759.614668
-345.554919,124,2762.937943
-300.162713,134,2766.520662
-368.744703,128,2769.953929
-673.863397,153,2775.463073
-321.921536,104,2778.267143
-564.443186,140,2781.9954
-253.655921,103,2784.763866
-416.696412,121,2788.019063
-373.164599,118,2791.187399
-459.341238,171,2795.728298
-281.334196,128,2799.14098
-335.26267,117,2802.273889
-268.522801,109,2805.199591
-260.530368,118,2808.362207
-440.253373,179,2813.119354
-535.120493,140,2816.857913
-781.073418,201,2822.153933
-264.904645,113,2825.202448
-298.226757,115,2829.70208
-294.576392,101,2832.423174
-571.567714,152,2836.48857
-497.38873,163,2840.803524
-324.596514,109,2843.733761
-311.2661,119,2846.923102
-258.562055,122,2850.199528
-281.81748,115,2853.288223
-362.997958,123,2856.606846
-496.518395,150,2860.616983
-237.67258,112,2863.62487
-709.802394,166,2868.031753
-495.873514,134,2871.640866
-260.292488,113,2874.691709
-332.341129,109,2877.634924
-358.970856,115,2880.7345
-359.952508,117,2885.340467
-318.582134,105,2888.180142
-224.464904,110,2891.147913
-282.434471,107,2894.029051
-340.708579,109,2896.966817
-242.772265,107,2899.846543
-404.228299,115,2902.950947
-302.610479,120,2906.181648
-271.302329,101,2908.901015
-297.914391,109,2911.849367
-302.136853,107,2914.735168
-400.142353,118,2917.919753
-257.983139,114,2920.963152
-215.729861,97,2923.571712
-366.415285,148,2927.495917
-204.830144,102,2930.230286
-364.887119,111,2933.217783
-267.971287,101,2935.94115
-390.027253,111,2938.934766
-297.004123,129,2943.768263
-320.345666,100,2946.448426
-349.332747,120,2949.64956
-304.140029,128,2953.063199
-337.267563,107,2955.928113
-472.74764,142,2959.677578
-409.042056,109,2962.570779
-394.370502,121,2965.774007
-282.03643,105,2968.56515
-299.93901,109,2971.49537
-527.401186,151,2975.518467
-349.684584,113,2978.539147
-292.341744,112,2981.509718
-235.408451,103,2984.263981
-302.057289,125,2987.598288
-272.540931,106,2990.426905
-212.683775,115,2993.483729
-320.527122,117,2998.041269
-309.09392,115,3001.130934
-573.674077,152,3005.150535
-297.937804,127,3008.539484
-293.939249,108,3011.448859
-208.732757,111,3014.426716
-472.669348,136,3018.078701
-337.113824,108,3020.987608
-251.672984,111,3023.954217
-326.134475,97,3026.579619
-238.992407,103,3029.339466
-482.618362,114,3032.410284
-479.024431,135,3036.049109
-184.816952,97,3038.665955
-298.313255,109,3041.597044
-295.62471,119,3044.800817
-243.850714,122,3048.076363
-307.308279,108,3050.980758
-722.00384,174,3056.995089
-378.372356,123,3060.312617
-414.2862,118,3063.521547
-406.028647,111,3066.547319
-218.625118,107,3069.435554
-255.338246,99,3072.130387
-417.345474,159,3076.395405
-246.424898,97,3079.037926
-224.487759,104,3081.85858
-431.382511,127,3085.292572
-269.732688,107,3088.198654
-246.417949,101,3090.947453
-213.063892,107,3093.851763
-283.106422,118,3097.048964
-423.955718,139,3100.784545
-415.260023,127,3104.241089
-217.315221,110,3107.208486
-472.32542,151,3112.675668
-335.39702,119,3115.908175
-429.250532,157,3120.110862
-520.522951,181,3124.960239
-628.963988,150,3128.968512
-399.390723,126,3132.377197
-521.038344,184,3137.27728
-427.161779,151,3141.314778
-334.123228,136,3144.980842
-284.647742,111,3147.985438
-516.065839,178,3152.76317
-299.773767,103,3155.560961
-558.585748,171,3160.117785
-326.467656,119,3163.350193
-280.818565,109,3167.695569
-389.407396,116,3170.843203
-506.147642,152,3174.918002
-462.732673,157,3179.115701
-631.270205,170,3183.633305
-437.460805,157,3187.802741
-728.943285,166,3192.227392
-545.82935,139,3195.97051
-293.216609,101,3198.710645
-594.657156,166,3203.137702
-288.141888,121,3206.388154
-546.753484,152,3210.456586
-216.522538,109,3213.396519
-359.090853,152,3217.459184
-480.756829,141,3221.20429
-544.587434,153,3226.701558
-479.208295,143,3230.519197
-407.553154,132,3234.044975
-324.498365,96,3236.638301
-530.979598,155,3240.743706
-416.555406,151,3244.757514
-330.75119,119,3247.970388
-601.140591,160,3252.220072
-302.134811,105,3255.045282
-435.336655,156,3259.176877
-298.387117,127,3262.580627
-570.805584,168,3267.021555
-294.663732,114,3270.075491
-396.938851,144,3273.896141
-422.802128,168,3279.784263
-222.580954,99,3282.452381
-572.902701,149,3286.410532
-458.334273,167,3290.853441
-391.459331,151,3294.896255
-509.9644,165,3299.047545
-361.339921,109,3301.827609
-428.333308,136,3305.260839
-302.949144,110,3308.084869
-419.376405,149,3311.844525
-607.021761,155,3315.747413
-551.661022,158,3319.725397
-533.909645,157,3323.691407
-371.068195,143,3327.309709
-493.103667,149,3331.076858
-567.466039,151,3336.427778
-528.736472,143,3340.173547
-477.894829,148,3344.100876
-416.632267,139,3347.789843
-219.117921,104,3350.578081
-521.043069,147,3354.483045
-363.178687,137,3358.124758
-239.738624,97,3360.734372
-375.904766,145,3364.591669
-371.336846,149,3368.551796
-418.369003,141,3372.294339
-375.382167,148,3376.224967
-288.954572,105,3379.050483
-247.890944,107,3381.922696
-608.927621,158,3386.103062
-515.404076,135,3391.102462
-242.335336,96,3393.680895
-478.939018,147,3397.56132
-236.870564,106,3400.394186
-531.447408,156,3404.521207
-190.178768,97,3407.116125
-221.189686,107,3409.976398
-225.212943,98,3412.604574
-391.024001,143,3416.388813
-349.390926,130,3419.841205
-263.129111,99,3422.504997
-263.555607,104,3425.296149
-425.942842,159,3429.514961
-259.059433,91,3431.97484
-347.77503,123,3435.278955
-414.424486,140,3438.998605
-196.567139,97,3441.594244
-270.687455,101,3445.754435
-359.02004,142,3449.550356
-488.191796,141,3453.319195
-422.000019,141,3457.088787
-269.596188,99,3459.774579
-374.61897,99,3462.463183
-404.94,148,3466.408077
-363.054088,132,3469.939672
-485.044902,159,3474.165024
-426.269338,155,3478.30552
-214.005866,103,3481.078697
-229.47818,106,3483.935503
-374.721788,122,3487.214001
-348.047156,137,3490.872488
-257.176381,115,3493.967019
-538.174174,146,3497.856001
-333.058338,97,3501.938363
-391.547916,150,3505.942125
-341.158661,110,3508.916507
-222.858091,96,3511.506622
-299.875378,127,3514.897602
-490.645358,141,3518.655645
-190.1596,97,3521.275301
-400.005055,112,3524.310633
-295.039263,103,3527.098338
-273.397663,102,3529.858319
-289.704991,105,3532.696113
-186.006984,95,3535.265607
-248.164767,87,3537.625792
-210.084847,98,3540.276959
-197.024443,95,3542.848959
-323.554847,103,3545.641161
-227.502779,103,3548.429098
-209.862038,97,3551.046921
-307.53015,133,3554.60043
-516.443275,145,3559.882708
-246.482349,103,3562.667641
-338.436527,135,3566.265566
-196.604552,101,3568.988512
-377.513938,131,3572.481654
-292.425282,121,3575.720133
-202.878743,97,3578.340337
-306.468885,105,3581.196123
-381.224453,129,3584.655854
-523.97059,150,3588.688236
-460.583271,139,3592.396029
-402.244791,133,3595.950358
-393.863104,125,3599.30644
-314.929955,125,3602.670592
-392.761916,138,3606.366444
-335.366704,146,3610.277872
-362.924927,132,3615.241664
-228.254334,95,3617.813862
-335.417911,128,3621.254833
-287.509628,108,3624.190867
-239.351513,97,3626.811628
-245.632319,107,3629.716247
-423.950677,130,3633.183235
-200.06668,91,3635.646038
-465.545254,133,3639.196195
-404.000589,129,3642.635702
-231.264304,99,3645.306908
-404.259496,137,3648.959181
-250.154223,99,3651.626859
-307.81527,129,3655.074703
-250.217174,91,3657.531904
-310.935629,131,3661.032544
-316.337125,141,3664.774816
-365.042169,135,3668.172798
-487.386261,136,3673.169968
-489.619042,134,3676.737941
-424.023514,144,3680.587944
-384.068454,151,3684.409226
-558.930068,150,3688.171235
-256.083471,107,3690.874065
-290.59351,105,3693.544389
-227.102311,97,3696.003446
-255.651274,109,3698.751442
-224.347729,97,3701.209645
-355.586703,135,3704.595699
-427.640192,145,3708.235103
-300.433626,91,3710.552643
-236.952847,97,3713.006577
-378.353092,136,3716.418814
-195.259034,99,3718.928978
-328.163215,101,3721.516728
-260.338829,111,3725.851541
-419.03765,147,3729.656215
-234.150493,104,3732.292465
-267.850564,97,3734.761733
-273.894609,110,3737.539793
-218.957323,103,3740.153199
-385.639819,129,3743.380051
-254.688381,101,3745.941206
-313.112208,101,3748.507452
-385.71952,136,3751.923717
-221.133239,105,3754.575518
-214.489904,97,3757.034978
-292.460045,102,3759.632084
-225.200639,116,3762.560828
-438.281353,135,3765.949098
-323.310453,103,3768.56354
-341.375395,101,3771.134338
-223.602043,105,3773.786082
-291.626901,105,3777.932971
-378.118109,110,3780.904368
-205.465989,97,3783.515916
-328.330585,103,3786.312738
-287.272026,103,3789.09002
-250.942067,101,3791.821319
-228.514606,99,3794.484836
-346.746215,97,3797.003711
-274.770436,109,3799.78931
-226.571757,101,3802.379738
-360.931191,118,3805.401804
-322.165003,96,3807.859089
-209.464836,112,3810.725132
-357.586431,135,3814.138878
-461.90393,145,3817.81435
-240.419702,100,3820.404575
-217.629081,107,3823.129808
-370.283888,131,3826.452865
-297.689785,101,3829.02808
-383.68097,141,3834.016438
-193.707326,99,3836.543869
-193.847277,103,3839.163154
-317.13982,99,3841.738394
-272.271127,93,3844.136577
-397.662735,139,3847.687494
-238.797154,99,3850.246809
-253.868389,91,3852.587471
-362.63398,108,3855.374677
-291.688828,91,3857.731381
-256.356518,91,3860.096387
-414.920077,120,3863.194251
-246.420605,99,3865.753937
-243.282299,93,3868.160403
-468.865501,144,3871.832566
-244.087413,100,3874.409899
-240.155118,99,3876.965274
-204.4557,104,3879.644975
-237.277058,103,3882.303313
-192.073452,90,3884.623131
-177.19801,89,3888.334432
-266.548065,91,3890.692883
-326.355992,99,3893.253206
-199.257839,97,3895.76397
-254.240415,99,3898.320958
-234.936297,97,3900.833584
-287.545039,89,3903.138524
-294.382023,105,3905.845762
-477.759903,137,3909.32202
-205.179203,93,3911.720731
-485.983145,140,3915.272092
-311.0252,101,3917.888426
-470.538734,141,3921.468019
-339.006807,99,3924.017731
-482.613311,135,3927.438426
-196.933755,102,3930.050038
-319.024669,99,3932.605139
-253.299405,95,3935.04744
-275.269564,93,3937.447281
-186.807972,99,3941.420718
-277.183843,93,3943.810001
-442.241788,126,3947.009801
-204.823238,103,3949.645284
-258.270965,95,3952.090012
-382.091276,149,3955.86448
-313.438123,131,3959.185078
-390.162139,118,3962.195718
-339.447266,99,3964.743573
-216.57372,103,3967.38303
-223.291042,89,3969.672159
-219.957976,103,3972.320171
-443.573104,129,3975.578212
-246.169847,109,3978.382064
-246.959764,99,3980.929245
-319.747747,131,3984.249333
-395.704779,141,3987.82223
-333.542087,103,3990.469098
-212.815577,97,3994.336255
-241.180721,101,3996.935052
-334.807919,120,3999.960006
-217.004023,87,4002.191152
-213.186366,101,4004.757972
-266.866485,89,4007.040756
-223.671358,94,4009.428239
-186.356916,95,4011.877031
-260.313362,103,4014.538403
-261.548062,97,4017.038717
-252.308552,93,4019.43636
-272.598563,94,4021.856719
-397.24477,131,4025.195879
-181.228088,91,4027.533865
-335.551269,129,4030.804304
-424.027932,141,4034.390532
-172.805192,93,4036.78212
-228.929197,100,4039.350761
-333.618094,91,4041.699475
-190.657464,93,4044.079818
-276.45664,98,4048.021984
-304.048608,93,4050.434826
-245.002667,101,4053.051609
-262.411054,101,4055.657486
-223.895073,93,4058.065357
-218.767325,93,4060.453738
-208.972617,97,4062.981956
-354.372071,128,4066.239514
-269.601326,91,4068.59046
-181.244474,99,4071.132833
-186.554441,93,4073.531728
-245.941779,95,4075.964169
-182.991966,96,4078.418656
-223.918829,97,4080.901523
-208.261164,97,4083.379427
-238.025966,92,4085.73057
-374.784382,128,4088.976184
-211.843953,94,4091.380962
-236.407677,104,4094.028068
-260.700581,95,4096.462415
-220.693959,95,4098.889341
-424.138725,138,4103.778691
-232.773698,114,4106.656371
-425.393924,133,4109.9918
-372.15249,128,4113.206259
-243.24968,106,4115.896224
-250.486357,97,4118.357576
-229.274251,94,4120.742983
-256.107661,102,4123.336896
-221.839837,93,4125.69545
-329.902675,95,4128.13056
-296.154368,103,4130.749373
-224.861241,114,4133.65399
-338.975604,98,4136.151779
-239.29646,93,4138.53165
-186.145156,105,4141.195686
-275.344994,106,4143.889357
-190.906657,95,4146.297139
-359.436956,136,4149.724567
-223.979918,104,4152.369069
-240.339976,94,4156.195794
-240.218317,96,4158.634243
-287.36777,107,4161.349245
-345.064085,111,4164.158914
-209.600113,93,4166.528456
-289.603182,110,4169.341492
-305.300283,100,4171.884339
-255.400078,93,4174.255482
-290.645212,105,4176.941171
-262.537707,102,4179.540631
-354.830089,116,4182.488801
-285.631331,102,4185.086169
-392.033958,117,4188.041409
-193.496629,99,4190.553739
-356.489097,121,4193.627607
-274.387367,104,4196.266544
-226.294388,100,4198.810525
-225.830883,102,4201.391743
-199.546692,95,4203.821357
-285.685277,104,4206.454381
-252.293737,101,4210.449085
-249.471796,100,4213.018986
-249.502939,104,4215.671401
-214.558196,96,4218.134008
-290.117106,110,4220.961442
-223.41379,103,4223.612244
-274.243885,100,4226.170973
-171.673715,89,4228.462009
-277.054889,108,4231.233964
-378.585655,144,4234.878173
-253.59942,111,4237.7268
-253.730601,99,4240.268122
-204.663871,96,4242.740138
-373.517574,111,4245.588937
-222.942954,95,4248.031346
-381.686178,117,4251.018202
-242.240551,107,4253.761646
-243.650995,113,4256.649021
-229.81782,97,4259.140792
-270.292858,118,4263.548604
-231.036603,102,4266.143036
-256.955576,101,4268.732049
-296.262713,103,4271.37241
-260.268041,103,4274.020767
-302.366641,95,4276.459282
-279.380501,106,4279.171858
-249.984338,91,4281.498275
-293.819185,94,4283.9203
-216.640433,99,4286.451205
-272.858374,99,4288.979851
-269.67666,105,4291.649016
-230.627506,105,4294.327236
-296.069789,106,4297.022725
-314.980746,100,4299.581131
-195.049413,90,4301.869004
-333.650563,110,4304.678107
-459.202984,120,4307.755672
-226.430093,97,4310.232274
-242.656905,99,4312.759535
-238.411568,113,4317.035689
-265.904905,113,4319.876173
-243.971844,96,4322.304976
-301.77755,117,4325.271758
-364.202621,119,4328.286381
-239.467121,104,4330.917784
-222.220461,104,4333.550748
-314.498663,101,4336.121475
-264.717917,102,4338.702608
-207.495899,101,4341.262125
-221.99243,105,4343.92133
-377.861046,121,4346.980188
-387.002377,132,4350.284926
-367.775251,124,4353.399267
-349.147639,108,4356.118212
-313.650748,109,4358.873476
-210.940311,98,4361.344492
-290.6007,104,4363.977569
-303.433843,121,4367.010947
-266.678971,100,4370.969917
-416.478098,132,4374.306304
-235.86704,94,4376.701885
-289.539001,117,4379.66628
-197.14978,102,4382.25262
-388.760471,123,4385.390604
-351.343801,113,4388.24716
-193.269455,93,4390.61853
-240.63591,95,4393.052932
-319.20681,102,4395.641575
-283.552857,95,4398.071352
-178.568384,96,4400.513121
-288.69448,93,4402.900037
-279.665705,98,4405.395686
-327.650014,102,4407.967955
-288.607669,125,4411.102918
-381.538287,123,4414.194705
-289.288588,103,4416.786889
-207.326389,96,4419.215358
-232.047249,95,4423.05101
-244.442639,110,4425.85216
-363.430895,114,4428.749686
-217.987139,95,4431.17378
-294.784624,103,4433.818675
-200.604107,97,4436.294609
-246.512548,95,4438.735034
-291.077945,110,4441.541261
-178.679116,99,4444.074009
-305.561635,110,4446.898098
-248.051397,97,4449.462145
-276.126943,97,4452.027161
-409.100105,130,4455.29528
-230.0835,102,4457.878459
-229.757803,100,4460.4167
-194.816982,95,4462.8371
-375.324084,133,4466.192621
-470.387517,132,4469.501164
-189.406292,95,4471.905898
-226.882499,98,4474.398681
-236.631937,97,4478.289562
-229.994205,107,4481.034317
-177.669049,95,4483.460529
-263.737724,102,4486.067247
-300.120979,103,4488.705618
-226.140278,103,4491.340153
-348.120885,100,4493.907837
-269.35095,95,4496.369787
-346.065853,112,4499.227972
-213.200344,94,4501.645614
-248.039881,112,4504.51193
-164.21292,96,4506.971466
-240.21766,100,4509.539027
-234.852444,101,4512.131799
-224.467955,99,4514.678693
-186.965396,97,4517.167131
-241.434687,95,4519.60029
-179.330737,93,4521.987462
-241.845729,108,4524.759623
-264.13384,103,4527.412128
-274.910427,106,4531.577399
-264.398328,94,4533.980973
-231.470697,105,4536.644021
-280.018428,98,4539.142394
-282.073872,104,4541.792438
-194.956247,92,4544.135312
-271.643343,102,4546.733311
-249.455742,107,4549.455724
-194.165761,91,4551.77837
-224.328634,103,4554.39775
-235.646881,106,4557.09132
-191.183279,93,4559.463266
-272.001358,114,4562.348451
-303.120637,107,4565.091881
-257.826333,103,4567.715415
-300.345795,95,4570.17074
-295.300632,93,4572.563314
-211.987778,93,4574.955797
-297.965443,103,4577.702754
-244.579217,101,4580.408216
-256.210618,107,4584.705692
-270.06271,100,4587.398594
-357.974889,106,4590.252111
-363.821488,106,4593.10451
-211.23248,103,4595.872206
-257.975479,95,4598.430443
-209.261571,103,4601.200107
-465.455756,157,4605.356162
-271.400189,95,4607.91291
-367.718161,153,4611.964002
-293.767055,104,4614.741466
-225.993368,105,4617.541878
-394.794695,140,4621.231684
-349.444247,149,4625.175733
-307.083791,107,4628.034961
-365.742565,109,4630.959527
-328.893934,104,4633.737469
-227.662244,107,4636.581177
-240.414583,96,4640.475422
-571.553798,145,4644.335837
-250.346715,91,4646.800123
-294.429874,113,4649.838048
-470.0539,131,4653.346665
-457.447476,118,4656.534922
-392.014293,133,4660.09427
-279.673944,104,4662.775536
-391.72853,142,4666.341918
-220.70898,103,4668.962873
-385.483651,109,4671.755138
-255.157309,93,4674.13708
-246.72905,95,4676.558625
-304.179721,95,4678.988789
-247.254256,97,4681.472555
-244.163402,106,4684.163808
-292.619822,128,4687.399017
-305.895801,131,4690.69432
-353.36384,132,4695.469963
-492.457269,141,4699.238376
-373.231504,110,4702.228545
-429.583126,154,4706.338838
-364.205455,104,4709.139589
-237.317358,96,4711.723194
-289.865762,99,4714.406508
-312.953673,99,4717.089264
-282.535181,95,4719.667942
-585.860375,150,4723.684785
-345.596737,114,4726.783514
-524.817166,146,4730.67007
-333.913881,115,4733.786904
-335.573177,135,4737.407929
-304.761317,105,4740.27086
-179.366715,95,4742.844707
-322.591587,102,4745.62193
-214.834175,100,4748.332297
-404.193588,133,4753.321982
-398.069212,129,4756.758052
-318.096392,143,4760.587271
-324.468914,134,4764.168714
-418.552063,143,4767.979306
-257.721496,96,4770.588307
-293.834527,97,4773.220785
-253.087151,99,4775.895024
-276.911778,91,4778.366294
-471.90891,137,4782.052072
-332.013051,125,4785.406619
-265.940341,95,4787.969969
-371.955678,139,4791.672891
-211.424797,91,4794.126952
-312.005309,99,4796.811576
-320.601812,116,4799.932346
-313.770709,99,4802.627778
-346.879892,134,4806.196342
-186.735175,94,4810.14059
-353.6386,129,4813.549909
-276.47879,105,4816.372695
-194.173824,91,4818.809541
-258.866805,103,4821.573362
-257.013206,89,4823.969263
-211.484336,101,4826.678442
-227.11349,101,4829.389416
-204.316045,98,4832.027609
-184.110386,93,4834.524401
-208.500004,91,4836.975006
-237.579789,97,4839.583431
-285.065936,104,4842.372366
-259.996902,91,4844.824624
-351.683471,108,4847.726865
-437.07563,136,4851.347949
-393.484041,129,4854.764271
-189.849456,95,4857.316364
-248.593545,89,4859.716425
-233.906752,89,4862.109827
-201.982054,98,4866.157383
-204.460977,93,4868.643346
-228.729264,102,4871.378684
-195.552518,100,4874.055723
-207.077453,93,4876.558262
-228.572564,95,4879.102627
-248.000692,95,4881.647748
-245.04391,97,4884.259861
-294.133981,125,4887.578786
-188.886679,87,4889.91308
-202.951418,89,4892.302031
-365.151865,129,4895.731814
-502.363023,131,4899.215985
-202.20463,93,4901.733863
-268.953188,99,4904.410729
-279.419326,93,4906.927973
-354.977554,126,4910.287078
-365.004261,99,4912.973049
-320.167475,97,4915.583303
-299.002769,93,4918.092119
-385.087648,127,4922.896979
-276.93633,96,4925.486892
-186.437708,89,4927.882631
-312.979859,97,4930.491981
-181.978988,93,4932.988991
-242.031356,108,4935.889169
-237.208743,99,4938.562239
-237.513271,110,4941.503184
-210.504672,95,4944.060621
-243.795005,91,4946.522589
-315.610233,108,4949.429324
-295.963854,93,4951.937408
-380.979863,105,4954.768314
-231.351965,91,4957.232552
-253.635198,99,4959.89524
-425.149961,112,4962.907412
-287.357518,125,4966.229236
-390.299406,110,4969.189482
-269.933785,94,4971.708745
-214.906409,91,4974.166503
-190.735612,91,4977.74832
-385.720461,116,4980.886886
-383.612107,116,4984.017283
-439.817563,141,4987.756972
-334.028819,137,4991.403646
-396.087362,112,4994.426846
-410.767955,140,4998.17256
-331.439542,135,5001.767641
-378.278462,113,5004.805476
-249.994035,89,5007.218133
-260.798473,93,5009.731242
-237.634531,92,5012.216008
-492.688497,125,5015.539186
-222.092656,94,5018.078092
-200.555334,101,5020.779313
-459.937877,131,5024.27656
-414.655083,111,5027.266336
-265.163437,114,5030.31566
-210.704473,87,5034.088773
-382.152367,138,5037.76814
-208.240125,87,5040.124005
-283.680463,109,5043.059111
-258.463596,92,5045.559241
-342.059609,129,5049.004204
-289.883967,91,5051.469834
-460.037143,134,5055.050737
-420.550189,126,5058.422115
-305.448036,102,5061.176952
-179.861052,93,5063.689795
-343.207878,128,5067.116796
-550.416705,132,5070.632864
-469.455089,137,5074.297591
-473.881682,129,5077.751095
-293.597052,91,5080.224231
-378.342458,110,5083.1921
-444.495692,124,5086.500706
-247.434008,89,5090.334224
-404.956166,131,5093.851774
-274.806869,89,5096.264085
-304.676051,89,5098.679544
-275.633872,91,5101.151728
-333.873033,124,5104.463901
-416.352052,128,5107.89132
-249.497138,93,5110.403539
-224.553973,91,5112.877405
-380.793786,123,5116.171947
-410.065177,129,5119.626988
-195.322342,94,5122.158392
-204.465574,96,5124.74671
-515.514507,130,5128.212302
-286.406584,93,5130.733269
-278.939478,91,5133.193053
-235.942153,89,5135.599969
-196.641125,95,5138.167438
-311.043265,92,5140.653284
-158.102903,93,5143.169819
-222.57085,95,5147.178925
-287.935434,89,5149.593636
-293.666364,87,5151.940348
-285.143977,89,5154.362756
-266.182906,93,5156.886361
-286.816717,98,5159.533008
-297.700074,100,5162.231029
-216.799691,93,5164.753116
-240.576251,91,5167.221325
-334.935298,97,5169.850006
-303.87177,92,5172.336628
-199.889236,87,5174.690694
-242.320194,90,5177.133691
-325.44421,104,5179.925254
-443.028176,130,5183.397421
-207.944314,89,5185.807895
-201.8187,95,5188.37464
-277.575227,92,5190.877581
-332.285953,104,5193.70209
-174.824812,91,5196.148663
-299.600986,121,5199.387597
-269.133578,91,5203.255792
-267.869829,94,5205.795178
-276.942899,93,5208.313797
-211.355906,91,5210.768336
-316.044397,101,5213.493278
-296.563128,92,5215.974684
-342.379466,104,5218.784826
-273.367185,93,5221.292019
-327.916032,101,5224.025206
-257.903531,93,5226.539637
-230.9647,95,5229.115731
-239.018657,111,5232.082661
-253.869724,96,5234.680339
-332.24494,108,5237.610542
-268.693175,93,5240.128764
-189.67557,91,5242.587186
-352.006961,128,5246.01037
-211.529806,89,5248.433552
-255.41243,91,5250.901046
-229.563219,91,5253.370489
-167.807483,89,5255.772375
-387.855363,107,5260.106993
-461.325662,126,5263.485103
-349.856164,107,5266.378644
-251.830418,96,5268.978259
-255.743469,87,5271.332148
-258.475028,89,5273.702381
-381.830071,106,5276.405833
-459.285162,127,5279.621552
-220.065976,95,5282.048181
-213.874048,91,5284.371335
-212.017795,89,5286.65577
-258.420336,90,5288.973213
-196.455328,89,5291.246062
-416.094735,127,5294.45914
-326.844628,108,5297.210716
-267.791191,126,5300.387492
-367.328356,107,5303.116584
-230.400112,112,5305.953415
-351.142145,102,5308.564694
-314.577742,89,5310.836414
-247.333792,87,5314.480317
-428.31613,134,5317.880538
-196.112058,91,5320.218456
-358.470446,108,5322.999622
-387.297913,115,5325.94571
-184.778878,93,5328.324939
-247.325554,89,5330.59845
-304.356073,131,5333.903798
-245.367,95,5336.329432
-521.854016,137,5339.786274
-259.177906,91,5342.123283
-302.947246,97,5344.616219
-261.081692,89,5346.900877
-208.095184,91,5349.238129
-430.912111,112,5352.09826
-246.634485,96,5354.555455
-259.715391,90,5356.864812
-409.456595,116,5359.844006
-369.77858,132,5363.174419
-326.924683,126,5366.358059
-366.346749,120,5370.791639
-235.885687,90,5373.081086
-331.223891,129,5376.316535
-323.811568,106,5379.019099
-464.076934,127,5382.200877
-436.479964,127,5385.402913
-440.783506,126,5388.570019
-479.223125,130,5391.829898
-338.263475,95,5394.250965
-207.357509,92,5396.583267
-239.364812,95,5399.004901
-198.9977,88,5401.234946
-303.561019,97,5403.740687
-294.771634,93,5406.113729
-368.89126,109,5408.871408
-513.613755,129,5412.097129
-213.126989,87,5414.317575
-422.780984,114,5417.210485
-423.06889,130,5421.912899
-295.174778,130,5425.216636
-452.54053,117,5428.207561
-255.341316,91,5430.56141
-259.700009,93,5432.960412
-173.071547,91,5435.305487
-294.826488,91,5437.659638
-420.684241,128,5440.93084
-396.993215,108,5443.699304
-222.242001,95,5446.133526
-463.80248,117,5449.122433
-219.493858,91,5451.465982
-239.195204,87,5453.716689
-257.787289,97,5456.21365
-442.846827,124,5459.362409
-416.047536,126,5462.564563
-255.888673,93,5464.96598
-257.754897,87,5467.206298
-337.854051,108,5469.976929
-269.780792,95,5472.426795
-168.507744,87,5476.058701
-312.088605,124,5479.187569
-222.976259,93,5481.572509
-387.290542,99,5484.094877
-366.848232,128,5487.321413
-189.126344,89,5489.600668
-256.28187,93,5491.98052
-304.766654,91,5494.318845
-223.048393,87,5496.545544
-388.435756,124,5499.679667
-355.93204,95,5502.110415
-231.966872,93,5504.493311
-227.163615,106,5507.177164
-429.173242,127,5510.395014
-231.060688,89,5512.670117
-259.418047,91,5515.017541
-211.020408,91,5517.358282
-454.080806,122,5520.458236
-175.080748,89,5522.737297
-369.988377,130,5526.048296
-186.875845,91,5529.811233
-283.416652,91,5532.145623
-298.644456,94,5534.570229
-232.060245,91,5536.895689
-210.224522,87,5539.123427
-214.746981,95,5541.551244
-364.199521,110,5544.364687
-357.18143,102,5546.983413
-348.061965,132,5550.312532
-194.471352,89,5552.586525
-249.247954,89,5554.872131
-421.748999,130,5558.163277
-315.844568,121,5561.218275
-192.041398,95,5563.651415
-221.981784,89,5565.939234
-380.014333,117,5568.940846
-249.998464,89,5571.230181
-289.782605,122,5574.323498
-231.523695,87,5576.560722
-251.299248,91,5578.89258
-395.100031,124,5583.591879
-308.793708,97,5586.195648
-289.592897,91,5588.639588
-441.205492,114,5591.69887
-285.567723,93,5594.198864
-216.824134,99,5596.858553
-203.168535,89,5599.249707
-201.492632,91,5601.683301
-168.910608,95,5604.225503
-241.190955,93,5606.724894
-199.754451,97,5609.309024
-223.5595,91,5611.756191
-188.197384,91,5614.19202
-207.088369,91,5616.638991
-175.461567,91,5619.073964
-271.3348,93,5621.574203
-193.346296,93,5624.062359
-321.555083,103,5626.808149
-352.296392,102,5629.546997
-360.803818,102,5632.285808
-241.688688,102,5635.007602
-176.065581,91,5638.88905
-281.110486,91,5641.344148
-228.412762,89,5643.733299
-297.788272,93,5646.249799
-224.507413,88,5648.615182
-250.001841,93,5651.114677
-189.312973,91,5653.54809
-290.359623,91,5656.012075
-273.849048,87,5658.360285
-263.438522,93,5660.855712
-241.597149,96,5663.425282
-222.213231,88,5665.785347
-275.901187,91,5668.223484
-231.711255,94,5670.754076
-231.107934,89,5673.139274
-203.722978,91,5675.591504
-260.882235,93,5678.092789
-291.144149,91,5680.546861
-219.774736,92,5683.017513
-241.688261,87,5685.36596
-255.691335,91,5687.814504
-194.417745,92,5690.283977
-221.844009,91,5692.726867
-225.677038,87,5696.359307
-280.280814,104,5699.146485
-218.496141,91,5701.59031
-189.89501,95,5704.136812
-220.562575,91,5706.586571
-187.475155,87,5708.91541
-366.952458,108,5711.810612
-252.401424,89,5714.209666
-320.236001,93,5716.70592
-215.259154,91,5719.152163
-250.73595,91,5721.612237
-224.06418,95,5724.163974
-285.740444,93,5726.674217
-157.524041,87,5729.008829
-214.070406,91,5731.449779
-187.598954,93,5733.945429
-285.549781,121,5737.166961
-185.67119,89,5739.565895
-229.849887,89,5741.969581
-181.883534,91,5744.421968
-214.929392,92,5746.915147
-255.692919,89,5749.319812
-244.448251,91,5753.207426
-211.631981,90,5755.643206
-336.763794,95,5758.218454
-230.808761,95,5760.801555
-268.841933,89,5763.219428
-178.168926,91,5765.683934
-194.904323,87,5768.036886
-435.062855,135,5771.631691
-307.589664,123,5774.912517
-182.270964,87,5777.257834
-206.326644,88,5779.636484
-207.345669,92,5782.120929
-268.999555,93,5784.641098
-246.867997,91,5787.096489
-238.873505,89,5789.500421
-219.247021,91,5791.963908
-319.803513,127,5795.357289
-201.158812,87,5797.611905
-173.651981,87,5799.823937
-208.872918,94,5802.217071
-244.420117,89,5804.48482
-315.247202,87,5808.119359
-251.49169,107,5810.827812
-251.971622,89,5813.098848
-373.436446,125,5816.247634
-203.500943,93,5818.60306
-230.326551,91,5820.923335
-170.649443,89,5823.186668
-316.78176,124,5826.301704
-222.06552,90,5828.58114
-286.323446,102,5831.168707
-208.863694,87,5833.384397
-236.320819,91,5835.706977
-225.406236,93,5838.070512
-183.343776,86,5840.246726
-260.905517,91,5842.560692
-232.901098,91,5844.875833
-249.999421,89,5847.143465
-323.624073,122,5850.196048
-201.520544,88,5852.454067
-239.173445,91,5854.770303
-177.588526,93,5857.137628
-327.301011,103,5861.154802
-190.510657,89,5863.421328
-208.852759,87,5865.633137
-192.822781,88,5867.879294
-192.865702,91,5870.196845
-216.615977,89,5872.485938
-151.939502,91,5874.805577
-186.293352,97,5877.277361
-314.539397,126,5880.446971
-173.133579,87,5882.668967
-206.641778,90,5884.963071
-235.365973,92,5887.31617
-251.925541,89,5889.577646
-299.678579,96,5892.038218
-196.922232,87,5894.256545
-191.825077,91,5896.570659
-191.988264,87,5898.78891
-281.995451,89,5901.075224
-199.498048,91,5903.403947
-227.66538,91,5905.729082
-282.882267,123,5908.836487
-168.480919,91,5911.175078
-203.52297,88,5914.669615
-378.057499,125,5917.847322
-211.687215,93,5920.225668
-241.877219,91,5922.563417
-204.14157,91,5924.894334
-249.053116,91,5927.240916
-230.69513,91,5929.573478
-213.378456,91,5931.909468
-227.908495,89,5934.191591
-378.031015,125,5937.373277
-306.801255,125,5940.532281
-250.984551,87,5942.771532
-200.563933,89,5945.045781
-165.124893,89,5947.322089
-316.690695,93,5949.706538
-417.250464,123,5952.913442
-194.327788,92,5955.356559
-233.437079,91,5957.793546
-192.175702,89,5960.170022
-251.425832,88,5962.521003
-307.368238,91,5964.956676
-218.580069,91,5967.405643
-301.98584,91,5971.266565
-320.442548,91,5973.717104
-329.144551,124,5977.011939
-360.800442,91,5979.453834
-166.165173,92,5981.918132
-283.994939,91,5984.36284
-247.918525,97,5986.983508
-190.607835,89,5989.367871
-178.812039,93,5991.859719
-268.347896,93,5994.359701
-412.65994,110,5997.309896
-284.540253,93,5999.799482
-195.828685,86,6002.124067
-304.368502,126,6005.466971
-310.678829,97,6008.080322
-408.676767,108,6010.984854
-309.679529,93,6013.4903
-231.984303,96,6016.067383
-173.580838,89,6018.465141
-176.900452,89,6020.853772
-270.995161,89,6023.254711
-266.435315,91,6027.16034
-200.596553,88,6029.530036
-468.023679,129,6032.951231
-286.041236,89,6035.352003
-265.50213,90,6037.782339
-245.352749,87,6040.119128
-275.86166,91,6042.580379
-349.401375,102,6045.325584
-197.986793,87,6047.66995
-177.700213,91,6050.113955
-248.475505,91,6052.560219
-192.582403,87,6054.904151
-307.97552,93,6057.403967
-228.487231,87,6059.742953
-330.986408,126,6063.113041
-218.791661,87,6065.454038
-329.095471,123,6068.735117
-229.139532,91,6071.182347
-184.596009,94,6073.700528
-212.112382,104,6076.476693
-189.549186,91,6078.928609
-395.159454,119,6083.514724
-272.215639,88,6085.901729
-227.966006,87,6088.26343
-205.665721,89,6090.661184
-219.563747,87,6093.007514
-194.408991,89,6095.408793
-310.141699,89,6097.82389
-263.745267,89,6100.23701
-347.030963,104,6103.062955
-273.087685,89,6105.476162
-549.277317,128,6108.900759
-210.046291,87,6111.255777
-301.62838,95,6113.832686
-225.024676,93,6116.346672
-214.413891,91,6118.805091
-234.129446,87,6121.161759
-224.804126,87,6123.535363
-321.218214,96,6126.141032
-307.95388,93,6128.653474
-334.850046,106,6131.528536
-296.232765,87,6133.892991
-202.038226,95,6136.458435
-249.320708,102,6140.653263
-261.367769,106,6143.51493
-179.916864,87,6145.855823
-208.846553,95,6148.42411
-326.371753,126,6151.783828
-247.51902,91,6154.24207
-389.189983,108,6157.154855
-333.341077,102,6159.922144
-305.072003,119,6163.117657
-217.3039,91,6165.57798
-291.299355,91,6168.044562
-417.239963,121,6171.267601
-295.629332,91,6173.740198
-196.225521,92,6176.228639
-276.324359,123,6179.512626
-230.21396,109,6182.439105
-249.622695,87,6184.810266
-425.134492,123,6188.10209
-186.557872,87,6190.454622
-223.935108,93,6192.964884
-237.26253,94,6196.954327
-235.393883,87,6199.308009
-506.900173,121,6202.528367
-322.555441,106,6205.40744
-468.982371,124,6208.725841
-243.647386,91,6211.202319
-205.716147,91,6213.675707
-301.144204,127,6217.059699
-399.00246,123,6220.358576
-266.449229,89,6222.785747
-215.886195,95,6225.345808
-225.066487,89,6227.755167
-394.262869,104,6230.576547
-320.865683,124,6233.890177
-202.344783,98,6236.523352
-219.785461,97,6239.149045
-175.568807,93,6241.653896
-355.532178,123,6244.935108
-373.341832,125,6248.287608
-204.96981,92,6252.223764
-241.490843,91,6254.669637
-256.74921,87,6257.002872
-341.409492,125,6260.330855
-211.065873,89,6262.724116
-248.152004,89,6265.125758
-309.676014,129,6268.544822
-301.442628,121,6271.586288
-237.745851,91,6273.909121
-335.434056,125,6277.058904
-188.889723,87,6279.300061
-368.399447,120,6282.357277
-252.76452,89,6284.658347
-269.995541,91,6287.014052
-318.641872,121,6290.090286
-217.095578,89,6292.386276
-190.831817,89,6294.682728
-282.663316,89,6296.988847
-275.495586,89,6299.286615
-221.947405,91,6301.637462
-277.251885,89,6303.948702
-179.938969,87,6307.621605
-192.029115,88,6310.010558
-305.173812,89,6312.427596
-236.23538,87,6314.796519
-335.571669,123,6318.080086
-225.766944,87,6320.439327
-229.796926,91,6322.892342
-253.341812,87,6325.264252
-195.136114,87,6327.620116
-179.377095,89,6330.027536
-180.875248,88,6332.400639
-182.506775,87,6334.771937
-305.822656,119,6337.941349
-186.459648,89,6340.346381
-296.587675,93,6342.865838
-274.457136,87,6345.230644
-165.968745,88,6347.605941
-461.164359,120,6350.807594
-362.864594,104,6353.628438
-185.985005,86,6355.947997
-190.955943,87,6358.296589
-189.475584,87,6360.641158
-204.190361,86,6364.380497
-162.51246,87,6366.709747
-280.768156,89,6369.125602
-265.277412,90,6371.555866
-209.161818,89,6373.946221
-402.65593,120,6377.125095
-280.085608,87,6379.461183
-256.729263,88,6381.824877
-200.920808,87,6384.154733
-257.24214,87,6386.490741
-209.972206,89,6388.872172
-252.16765,87,6391.198958
-224.609138,87,6393.525029
-197.759863,91,6395.957718
-309.877508,121,6399.163352
-239.141327,89,6401.544065
-312.699957,89,6403.93977
-291.142,118,6407.060121
-343.376482,97,6409.670142
-168.751231,89,6412.041253
-208.88316,87,6414.372069
-194.507819,91,6416.800061
-360.639493,120,6421.382506
-316.054333,118,6424.519138
-182.115337,86,6426.832407
-329.653844,88,6429.214462
-264.298298,86,6431.52889
-299.886288,120,6434.718745
-305.808086,119,6437.868266
-194.788912,86,6440.171353
-202.913367,87,6442.499445
-197.562602,86,6444.810472
-224.62992,89,6447.200988
-200.471578,87,6449.531249
-359.446201,125,6452.851647
-249.107408,91,6455.299166
-327.010109,118,6458.43671
-179.958716,87,6460.773037
-185.259321,87,6463.098426
-208.71347,88,6465.468466
-192.362767,87,6467.8015
-190.10337,86,6470.125246
-181.973609,88,6472.487397
-245.241869,87,6476.276811
-357.879047,123,6479.602555
-445.537329,121,6482.786284
-212.648358,87,6485.110387
-280.814175,118,6488.222991
-207.284837,86,6490.519481
-324.14253,121,6493.701268
-327.797348,118,6496.813023
-198.831486,86,6499.10427
-294.271452,120,6502.273355
-190.258245,89,6504.6453
-393.498365,123,6507.879097
-247.360199,91,6510.315025
-246.197205,87,6512.639214
-161.664466,87,6514.961641
-261.199471,89,6517.339324
-369.409569,119,6520.492053
-289.095271,119,6523.626163
-304.745568,119,6526.659143
-188.071653,89,6528.910519
-297.298945,115,6533.354191
-243.703353,88,6535.729074
-236.31898,88,6538.095459
-230.098708,89,6540.509851
-209.709915,89,6542.905445
-193.920406,88,6545.283087
-204.826088,87,6547.621577
-337.209052,121,6550.863142
-233.898527,89,6553.276328
-388.507628,122,6556.528837
-237.28463,88,6558.898999
-193.710117,87,6561.260402
-215.480589,86,6563.577878
-234.83625,87,6565.94199
-283.379913,119,6569.119908
-331.519005,118,6572.268879
-254.713568,89,6574.685073
-304.84131,118,6577.829325
-373.426339,122,6581.090661
-189.460101,86,6583.412107
-224.075571,87,6585.764393
-180.005304,86,6589.504377
-213.275847,89,6591.893192
-206.494928,87,6594.212174
-217.085416,86,6596.515624
-256.525283,87,6598.842271
-221.215816,86,6601.140645
-225.91869,86,6603.444218
-201.771967,87,6605.767929
-166.904438,87,6608.082818
-229.537814,86,6610.37405
-191.63533,89,6612.742588
-186.939796,86,6615.044533
-207.570771,87,6617.367852
-179.847493,87,6619.685273
-285.978138,118,6622.802104
-194.964172,87,6625.12329
-214.063913,87,6627.430079
-237.5076,87,6629.750162
-198.191219,86,6632.043728
-188.712358,86,6634.338178
-179.806407,88,6636.690975
-209.709235,90,6639.09237
-211.185088,86,6641.394763
-173.244716,89,6645.199756
-224.465162,86,6647.497464
-256.192618,88,6649.85305
-195.619099,86,6652.156702
-265.918773,89,6654.536068
-173.421914,86,6656.84537
-298.339477,118,6659.959906
-311.599293,91,6662.388138
-235.878735,89,6664.772698
-182.306121,87,6666.996151
-284.433402,118,6669.956345
-182.238617,86,6672.138325
-237.571551,88,6674.366649
-204.19375,86,6676.56048
-229.738281,86,6678.737864
-198.052979,89,6681.000553
-251.902499,91,6683.298047
-160.592006,86,6685.477264
-255.801554,86,6687.662939
-240.906299,89,6689.92129
-235.644688,86,6692.142788
-187.774139,87,6694.38053
-175.382541,90,6696.690147
-312.496098,120,6701.121387
-204.752722,86,6703.297744
-214.102327,88,6705.551607
-187.351913,87,6707.75105
-182.548336,89,6710.006125
-193.635084,92,6712.329494
-341.184438,91,6714.635124
-212.277525,87,6716.854061
-228.141383,87,6719.067573
-213.66388,89,6721.332683
-282.162342,87,6723.528038
-183.338276,87,6725.73129
-295.762016,89,6727.999223
-239.180153,86,6730.179853
-256.220758,86,6732.360741
-201.718843,87,6734.56707
-202.289639,86,6736.755619
-224.114966,87,6738.947449
-223.822971,86,6741.129164
-188.606428,88,6743.359319
-187.787844,86,6745.545857
-246.854228,86,6747.724994
-225.589025,89,6749.970302
-179.364748,89,6753.658578
-410.527308,123,6756.793599
-210.536108,90,6759.09094
-184.014966,86,6761.290425
-273.884381,89,6763.575621
-237.311155,89,6765.868981
-223.843119,87,6768.106905
-214.801989,87,6770.34659
-281.000522,118,6773.340136
-262.553973,91,6775.673587
-202.051136,86,6777.876921
-262.878066,88,6780.132547
-282.645724,88,6782.388766
-181.905425,90,6784.689997
-217.20832,87,6786.937553
-239.08355,87,6789.180822
-201.786903,86,6791.387039
-217.082446,88,6793.640475
-192.950378,87,6795.866037
-262.597958,88,6798.115931
-243.145656,87,6800.350332
-198.298382,88,6802.604265
