#{"t_start": 1767801299.1029978, "env_id": "None"}
r,l,t
-1217.678698,500,24.736789
-1103.512827,500,49.907485
-1373.380204,500,75.078687
-1569.550855,500,100.249888
-1233.317855,500,125.42006
-1244.534943,500,150.590968
-1384.774338,500,175.761978
-1465.156115,500,200.916176
-1425.684604,500,226.086809
-1117.974201,500,251.241315
-1217.698229,500,276.395313
-1011.719805,500,301.566461
-855.708583,500,326.737409
-711.436898,418,347.804923
-576.700398,311,363.518301
-574.346061,341,380.73201
-406.674967,226,392.191882
-370.587582,216,403.150654
-372.30729,203,413.442848
-423.174921,208,424.001915
-309.230666,178,433.060028
-291.648399,167,441.566246
-256.49319,142,448.822405
-255.511512,146,456.261728
-259.127883,148,463.81808
-276.954528,157,471.824508
-243.896438,140,478.980952
-329.381911,129,485.585951
-239.424442,136,492.542031
-243.322349,140,499.697699
-231.229769,133,506.503417
-238.817549,134,513.359158
-245.667375,138,520.398185
-234.885837,132,527.137249
-222.913133,120,533.275673
-251.163777,137,540.281776
-268.366717,145,547.687895
-221.841746,125,554.093302
-223.086909,126,560.548746
-214.204581,125,566.953979
-241.911227,136,573.909819
-203.402141,124,580.264817
-186.816893,118,586.319948
-205.858199,110,591.975064
-173.140767,110,597.629329
-178.300097,112,603.367518
-77.361213,116,609.322531
-192.622837,115,615.227298
-197.44609,117,621.232363
-160.156896,104,626.58675
-202.539163,112,632.34162
-171.196055,106,637.796216
-159.816346,106,643.250683
-164.185978,101,648.455974
-164.760455,100,653.609242
-183.057808,112,659.365139
-154.501199,105,664.768616
-186.900283,115,670.673823
-178.000989,110,676.328519
-171.166323,101,681.532628
-162.648513,100,686.686899
-150.978238,95,691.591527
-153.498986,98,696.645499
-164.434196,99,701.749501
-154.928646,97,706.753625
-164.467218,98,711.807848
-163.566003,100,716.962212
-149.235242,95,721.866411
-163.445973,100,727.020754
-166.14151,96,731.975037
-154.985879,97,736.979494
-169.207373,98,742.033432
-159.625119,97,747.037552
-843.243541,256,759.998093
-160.773805,96,764.95222
-173.622081,101,770.156851
-171.439456,102,775.411241
-158.648723,95,780.315083
-158.37847,95,785.219294
-146.689948,94,790.073234
-151.843023,94,794.927219
-143.708012,92,799.681192
-163.638453,115,805.58639
-185.946642,100,810.740402
-195.113107,105,816.145334
-166.929772,92,820.898854
-175.390351,96,825.836647
-183.577076,97,830.84082
-247.395691,123,837.145801
-306.596035,148,844.702366
-206.476246,99,849.806703
-222.354111,113,855.611185
-243.503595,117,861.616498
-203.641511,107,867.104362
-197.703471,107,872.608701
-214.325062,108,878.163288
-183.83752,97,883.167785
-189.910466,101,888.371885
-178.33166,97,893.376051
-178.812218,92,898.130074
-186.104965,100,903.284592
-171.409995,95,908.188478
-186.08304,97,913.192611
-183.026301,100,918.346895
-186.049175,96,923.301215
-185.757798,95,928.205291
-230.120763,118,934.260429
-237.9604,124,940.615906
-59.32514,101,945.819966
-211.61042,102,951.074608
-187.767884,92,955.828627
-200.842521,97,960.832311
-220.759295,104,966.187192
-82.672163,121,972.392346
-203.300622,195,982.300656
-59.220903,100,987.454886
-190.038917,106,992.909214
-69.214423,103,998.213645
-170.268257,103,1003.501691
-227.813347,112,1009.256155
-177.518436,119,1015.361265
-170.362448,100,1020.515591
-61.961835,106,1025.970546
-172.566708,97,1030.974683
-185.853798,119,1037.079332
-205.364065,108,1042.63431
-181.141364,136,1049.590567
-189.45463,122,1055.845088
-182.348169,120,1062.000247
-197.175061,92,1066.754491
-216.963685,146,1074.210461
-64.18676,102,1079.464989
-164.23914,96,1084.418952
-182.480941,91,1089.122903
-193.649238,91,1093.826754
-161.606924,91,1098.530671
-192.369312,92,1103.284975
-179.734049,90,1107.938627
-165.409589,92,1112.692648
-190.529527,91,1117.396496
-211.254508,98,1122.451064
-192.300468,93,1127.254759
-159.495979,92,1132.008816
-223.913729,108,1137.563282
-183.532251,92,1142.3174
-188.579073,93,1147.121603
-181.256184,111,1152.826384
-179.877541,92,1157.580078
-190.045766,91,1162.28401
-192.630669,91,1166.988151
-179.711174,135,1173.893836
-174.109077,91,1178.597644
-73.569417,111,1184.302723
-173.87775,104,1189.656956
-264.520021,147,1197.163193
-203.602643,95,1202.067365
-172.2679,129,1208.672803
-223.945304,122,1214.928032
-244.231468,135,1221.833825
-225.547694,119,1227.938929
-252.112097,137,1234.944758
-221.053863,118,1240.999916
-211.270883,113,1246.804931
-226.092869,119,1252.909775
-206.507447,114,1258.764973
-202.60691,117,1264.76971
-203.795993,135,1271.675402
-192.553749,112,1277.430257
-193.298281,102,1282.684712
-199.987929,108,1288.23954
-211.782926,120,1294.394711
-176.258083,101,1299.59913
-212.113262,115,1305.504119
-203.529019,115,1311.409018
-190.030671,108,1316.963583
-82.410774,111,1322.668108
-183.373826,103,1327.972888
-179.955559,100,1333.126916
-188.725373,107,1338.631462
-203.371365,111,1344.31953
-83.704483,102,1349.573918
-177.275502,117,1355.578905
-73.554812,108,1361.133954
-169.934917,106,1366.588262
-64.955976,105,1371.992874
-156.56775,101,1377.197322
-66.335375,103,1382.501548
-177.636836,106,1387.956279
-171.729359,115,1393.861211
-174.777803,105,1399.265769
-180.597872,108,1404.82005
-185.606277,114,1410.674951
-182.304276,110,1416.329914
-188.343319,113,1422.134978
-166.622903,107,1427.639169
-160.661979,100,1432.793438
-170.460901,104,1438.148246
-185.662799,113,1443.953195
-166.021069,103,1449.257509
-186.844654,118,1455.312278
-184.521121,113,1461.117486
-180.43802,110,1466.77231
-265.346648,125,1473.177535
-77.278294,105,1478.58172
-192.07072,123,1484.887061
-176.666778,112,1490.6425
-199.103348,124,1496.997276
-202.241285,141,1504.203371
-187.990971,103,1509.507725
-185.422634,136,1516.463914
-93.961281,114,1522.318362
-198.434997,110,1527.973517
-167.45614,117,1533.978632
-179.189779,101,1539.165897
-84.662955,122,1545.42109
-73.862262,111,1551.126081
-81.331867,120,1557.281044
-198.361565,92,1562.034986
-56.660728,106,1567.489671
-58.378406,101,1572.694195
-57.61275,105,1578.081925
-73.131164,104,1583.436202
-67.181205,107,1588.940861
-69.375091,111,1594.645904
-63.073428,106,1600.10039
-177.004431,134,1606.955875
-58.991304,104,1612.311435
-170.026964,135,1619.21627
-58.712278,106,1624.687609
-113.132935,111,1630.392132
-184.505798,98,1635.446346
-188.350232,96,1640.383786
-53.693624,103,1645.688628
-184.623866,92,1650.442311
-79.59397,102,1655.696879
-85.890064,100,1660.85091
-46.615072,103,1666.138687
-95.016154,112,1671.893809
-78.530958,104,1677.24799
-66.100337,100,1682.402323
-188.452966,119,1688.507627
-85.072168,108,1694.062343
-309.96874,126,1700.517897
-68.914431,99,1705.622028
-72.278632,101,1710.826178
-68.276244,105,1716.230576
-64.884747,99,1721.334863
-60.560556,107,1726.83955
-70.259689,103,1732.143942
-66.584969,101,1737.348631
-71.784195,106,1742.802881
-74.042188,105,1748.207398
-79.062566,108,1753.762001
-61.006062,101,1758.966702
-81.35049,108,1764.520997
-71.007748,104,1769.875591
-69.783101,102,1775.130149
-63.245921,102,1780.384374
-62.407437,102,1785.638731
-71.66996,105,1791.043464
-63.326074,102,1796.297896
-71.539998,102,1801.552264
-59.17277,104,1806.907018
-70.211908,106,1812.361043
-60.02957,104,1817.715641
-57.951391,102,1822.970589
-67.634657,106,1828.424628
-70.341302,106,1833.879126
-62.26293,104,1839.234007
-69.458819,105,1844.638395
-61.461606,104,1849.992745
-99.114387,146,1857.449169
-63.337206,104,1862.803399
-74.615624,109,1868.408026
-59.786314,107,1873.912764
-67.951402,107,1879.417639
-63.381628,107,1884.92232
-67.723429,106,1890.376557
-81.204946,111,1896.081554
-57.745875,105,1901.485973
-54.627021,103,1906.790479
-64.446448,112,1912.545503
-77.216759,117,1918.550204
-67.282739,110,1924.205185
-54.273913,107,1929.709922
-65.811729,108,1935.264131
-72.892376,115,1941.169152
-65.308585,109,1946.773869
-76.154517,117,1952.779048
-61.015839,105,1958.183557
-74.789973,109,1963.788384
-57.915872,106,1969.242765
-78.793424,110,1974.897475
-54.00711,103,1980.201885
-59.098308,101,1985.406271
-66.549222,104,1990.744079
-58.868426,112,1996.499264
-70.142884,110,2002.153657
-64.738612,105,2007.558182
-55.237998,107,2013.046124
-75.602481,118,2019.101899
-66.452461,107,2024.605823
-56.875633,105,2030.010223
-76.497678,108,2035.564966
-57.356919,103,2040.869504
-63.579783,107,2046.374068
-49.830615,105,2051.77857
-69.780094,105,2057.183201
-73.81403,106,2062.637768
-57.059509,102,2067.892165
-53.222835,102,2073.146495
-58.569887,101,2078.350969
-45.620353,105,2083.755803
-55.273583,103,2089.060103
-60.483045,102,2094.314525
-66.194446,107,2099.819005
-72.297494,106,2105.273707
-60.796832,102,2110.52794
-53.525023,104,2115.882901
-74.312096,104,2121.23706
-51.88574,105,2126.641457
-60.733921,107,2132.14632
-47.803726,104,2137.500445
-52.363532,105,2142.905063
-53.778181,104,2148.25949
-44.558989,103,2153.563927
-80.919145,109,2159.168608
-46.184159,102,2164.423005
-57.067051,104,2169.777542
-45.339435,103,2175.081889
-54.969753,102,2180.336285
-69.570556,102,2185.590591
-63.563148,104,2190.945259
-40.209788,101,2196.150034
-43.38134,102,2201.403981
-69.031589,104,2206.75872
-45.327103,103,2212.062924
-52.292145,103,2217.367405
-38.398138,100,2222.521651
-73.887752,102,2227.776067
-59.972522,110,2233.430786
-52.676169,102,2238.685577
-48.017039,102,2243.940042
-52.051509,102,2249.177544
-69.012211,130,2255.832989
-50.793097,102,2261.087283
-72.992843,105,2266.492801
-46.980049,101,2271.696545
-62.274831,107,2277.200901
-51.481088,100,2282.355232
-38.927437,102,2287.6096
-47.00007,103,2292.914085
-41.460989,102,2298.168395
-62.702479,106,2303.622958
-55.273242,103,2308.927372
-51.665053,103,2314.232175
-58.879801,102,2319.486483
-41.897033,101,2324.690784
-53.088636,103,2329.995074
-40.063956,103,2335.29997
-43.542883,101,2340.503934
-50.918341,103,2345.808406
-48.625145,102,2351.062784
-43.559938,102,2356.317558
-52.885498,102,2361.571536
-46.221202,100,2366.725965
-46.120209,101,2371.930296
-45.315586,102,2377.168489
-47.971233,102,2382.422724
-54.076222,104,2387.776916
-42.08305,103,2393.081344
-59.632579,103,2398.386014
-57.815596,103,2403.690231
-52.348746,103,2408.994777
-60.810361,103,2414.299186
-55.180686,105,2419.703943
-61.460377,105,2425.108167
-59.438217,104,2430.462781
-48.712387,105,2435.867167
-56.159066,111,2441.571966
-52.648262,103,2446.876577
-54.92211,103,2452.181335
-57.837695,102,2457.435199
-72.24129,108,2462.989996
-41.286478,101,2468.194394
-73.682846,106,2473.64874
-43.430002,101,2478.853108
-38.790393,102,2484.107529
-44.911206,101,2489.311899
-50.782885,101,2494.516391
-47.410491,103,2499.820773
-46.39558,102,2505.075181
-47.63765,103,2510.379603
-55.733329,101,2515.584108
-53.237078,103,2520.888311
-81.383923,110,2526.543025
-44.805517,101,2531.747734
-60.505598,105,2537.151957
-50.127826,102,2542.406433
-57.457559,104,2547.761083
-42.72761,100,2552.915125
-62.419504,105,2558.320088
-44.499906,105,2563.790971
-48.22244,102,2569.045554
-40.646655,103,2574.350175
-42.331317,101,2579.554132
-40.768616,102,2584.808628
-43.817025,105,2590.213507
-41.493327,102,2595.468174
-55.014499,103,2600.772044
-54.351913,106,2606.22693
-50.888002,102,2611.481635
-49.52457,103,2616.785422
-63.181782,106,2622.240011
-64.867919,103,2627.544467
-51.283664,100,2632.69896
-44.385435,106,2638.153319
-50.896257,102,2643.408135
-48.443041,102,2648.662463
-51.891998,104,2654.016652
-43.864047,100,2659.154248
-46.085199,104,2664.509201
-42.909534,103,2669.813178
-44.579695,103,2675.117584
-36.867022,101,2680.322216
-206.726011,113,2686.126803
-69.257011,105,2691.531365
-53.020502,102,2696.769131
-34.566468,101,2701.97417
-36.134905,103,2707.277859
-33.883098,100,2712.432269
-47.194517,100,2717.587544
-39.006753,102,2722.840932
-39.059715,101,2728.045231
-51.850671,101,2733.249635
-217.912941,119,2739.354829
-34.700885,101,2744.55906
-36.420771,100,2749.713425
-75.244172,107,2755.218053
-40.61511,101,2760.422363
-50.814673,99,2765.526745
-53.355623,100,2770.680937
-35.919638,100,2775.835289
-55.713816,102,2781.089965
-52.934686,101,2786.294063
-53.220048,102,2791.548433
-46.732305,103,2796.852895
-50.065786,103,2802.140934
-45.037925,102,2807.395073
-46.65137,101,2812.599483
-39.342764,100,2817.754205
-42.288488,103,2823.058444
-41.669805,102,2828.312824
-41.082153,104,2833.650665
-44.701581,100,2838.805013
-39.628431,101,2844.009398
-52.972555,103,2849.31386
-53.923127,102,2854.568069
-43.030023,102,2859.822648
-37.622447,100,2864.977201
-35.579944,101,2870.165115
-77.109956,110,2875.819003
-37.634647,101,2881.023434
-38.6008,102,2886.278074
-60.421854,102,2891.532483
-50.714328,102,2896.786638
-45.645034,102,2902.040992
-53.019721,102,2907.278754
-44.651862,102,2912.533098
-64.70939,100,2917.687417
-43.147275,103,2922.991987
-62.665372,100,2928.146453
-52.490683,101,2933.350869
-38.959448,100,2938.504941
-46.726223,102,2943.759356
-56.177685,101,2948.964159
-46.374616,101,2954.167956
-43.896988,101,2959.37231
-43.267584,102,2964.626678
-47.39632,100,2969.781095
-53.533098,102,2975.035438
-46.342449,100,2980.190253
-44.989988,100,2985.344105
-62.232921,100,2990.498831
-40.804591,100,2995.652768
-47.774453,101,3000.857049
-42.708656,100,3006.011492
-46.638268,102,3011.26604
-53.80362,100,3016.420362
-52.052225,100,3021.574449
-55.288032,99,3026.678777
-63.84232,101,3031.883161
-53.183676,99,3036.970984
-43.991188,100,3042.125012
-54.622595,102,3047.379352
-54.478706,101,3052.583755
-50.981676,99,3057.688677
-57.814473,100,3062.84232
-53.362075,100,3067.996701
-44.143634,100,3073.150948
-47.806391,100,3078.288873
-51.977563,102,3083.542904
-33.536428,99,3088.647244
-37.263281,101,3093.851876
-62.798909,100,3099.00624
-53.550746,100,3104.143695
-49.53075,99,3109.24777
-58.363384,101,3114.452498
-41.570896,100,3119.606782
-55.801098,100,3124.760756
-37.691525,100,3129.915145
-37.778074,101,3135.119569
-50.535643,99,3140.223719
-47.166377,100,3145.378128
-63.702251,100,3150.532321
-49.477471,100,3155.686994
-50.585179,100,3160.841373
-48.676855,100,3165.995545
-55.016978,100,3171.149941
-65.446871,100,3176.304217
-45.896969,98,3181.358512
-62.554727,100,3186.512703
-58.064206,100,3191.666903
-50.374905,100,3196.82146
-43.038357,100,3201.975857
-59.080845,101,3207.179846
-55.136364,100,3212.334434
-51.500397,100,3217.488651
-53.873405,100,3222.643101
-46.776329,100,3227.780511
-38.864903,101,3232.98524
-55.510595,101,3238.205947
-52.621768,100,3243.360456
-51.031046,100,3248.514522
-52.437149,100,3253.668795
-54.269068,100,3258.823267
-42.693567,101,3264.027415
-53.090043,100,3269.181884
-50.960023,98,3274.235911
-50.292363,99,3279.340202
-37.576014,99,3284.444477
-59.740999,103,3289.749433
-59.290332,105,3295.153521
-51.437439,98,3300.20776
-61.919512,99,3305.312104
-39.843514,101,3310.51657
-43.401767,100,3315.670976
-57.202782,101,3320.87507
-53.613625,100,3326.02945
-59.534618,98,3331.083582
-44.806047,100,3336.238128
-57.349323,98,3341.292461
-55.538856,99,3346.396735
-56.409334,100,3351.551231
-56.63291,99,3356.655306
-47.98278,101,3361.859333
-53.89609,99,3366.963756
-65.073807,99,3372.067858
-57.18192,100,3377.205756
-50.626498,100,3382.360291
-57.294002,99,3387.464352
-54.58287,99,3392.568463
-41.90942,98,3397.622606
-54.288751,100,3402.776961
-52.584422,99,3407.881243
-55.98105,99,3412.985626
-51.189007,98,3418.039916
-53.132127,98,3423.094305
-51.343143,100,3428.248645
-47.768892,99,3433.352613
-46.348531,99,3438.457232
-45.348271,99,3443.561077
-61.192134,101,3448.748682
-46.520553,99,3453.853268
-192.182063,99,3458.957792
-60.081494,100,3464.111652
-62.245693,102,3469.366058
-54.163106,99,3474.470847
-59.529034,101,3479.675045
-56.824084,100,3484.829064
-50.042625,100,3489.983375
-59.588019,101,3495.18761
-56.686592,100,3500.342622
-50.10321,100,3505.496482
-48.635215,98,3510.550553
-54.60169,99,3515.654999
-59.171294,99,3520.759526
-55.413014,100,3525.913535
-57.712986,100,3531.067799
-53.541782,101,3536.272053
-52.420145,99,3541.376632
-56.179117,100,3546.530689
-48.883576,100,3551.685671
-52.176951,99,3556.789613
-54.717277,101,3561.993713
-45.605698,101,3567.197921
-54.409986,100,3572.352356
-63.024953,99,3577.456743
-52.634717,100,3582.610868
-52.898981,100,3587.765215
-47.202254,102,3593.019513
-52.362916,99,3598.123942
-54.711475,99,3603.228125
-46.240611,100,3608.382459
-42.75154,101,3613.587008
-57.845926,101,3618.791615
-193.050844,94,3623.645225
-197.201385,98,3628.699389
-41.625655,101,3633.90399
-55.283156,100,3639.058142
-39.30454,99,3644.162425
-39.328978,100,3649.316704
-48.049437,100,3654.471491
-52.50038,100,3659.625295
-54.090919,100,3664.779789
-59.706858,102,3670.017662
-35.957734,100,3675.171991
-73.43813,101,3680.376318
-35.597726,101,3685.5805
-48.645151,100,3690.734748
-44.768247,101,3695.939081
-46.914735,104,3701.29345
-42.286382,100,3706.44833
-39.530179,100,3711.60242
-42.099591,100,3716.756507
-32.862736,99,3721.860929
-870.564954,500,3747.031763
-33.854401,100,3752.186389
-42.285309,99,3757.290503
-41.382477,101,3762.494909
-40.628506,100,3767.649563
-30.124177,98,3772.703701
-53.976748,100,3777.857933
-34.619651,102,3783.113343
-49.697734,100,3788.266423
-29.939454,100,3793.421232
-39.641187,100,3798.575052
-30.547263,100,3803.729634
-39.989185,101,3808.933976
-36.138271,100,3814.087901
-36.78071,100,3819.242329
-49.3923,98,3824.280313
-43.347746,100,3829.434532
-35.962383,100,3834.58889
-32.778064,100,3839.742809
-31.569775,99,3844.84707
-46.242708,101,3850.05195
-42.176219,99,3855.155794
-52.435741,98,3860.210318
-43.955042,99,3865.314319
-42.946332,101,3870.518826
-36.600351,100,3875.673154
-39.256128,100,3880.827367
-51.58061,100,3885.981882
-31.902449,99,3891.08603
-32.702255,99,3896.190243
-69.198794,100,3901.344582
-48.956821,98,3906.399264
-43.99646,100,3911.553505
-28.760141,100,3916.70788
-38.755948,99,3921.811943
-51.147551,98,3926.86598
-49.02328,99,3931.971039
-41.697083,99,3937.074717
-35.337758,98,3942.128991
-32.158646,99,3947.233356
-38.072767,98,3952.287771
-42.532894,99,3957.392159
-38.638852,99,3962.49604
-38.296166,99,3967.600713
-35.280885,98,3972.654641
-53.144163,99,3977.759038
-36.59739,99,3982.863529
-37.938339,99,3987.967826
-32.744051,99,3993.072084
-31.853433,100,3998.226442
-38.089841,100,4003.380551
-45.036241,98,4008.434803
-37.747869,99,4013.539203
-46.363183,99,4018.643379
-47.685814,100,4023.797889
-52.419145,98,4028.852286
-39.677293,98,4033.906427
-36.706714,99,4039.010512
-45.866375,99,4044.114781
-38.94339,99,4049.219307
-39.765224,100,4054.373717
-39.334417,98,4059.427632
-35.614718,98,4064.48202
-34.942928,98,4069.536402
-38.608838,99,4074.640852
-37.309523,100,4079.794814
-40.417581,97,4084.798848
-37.970037,98,4089.853227
-38.137722,99,4094.958175
-28.445062,99,4100.062055
-69.086242,98,4105.116361
-54.588027,98,4110.153523
-32.580996,98,4115.207923
-33.705393,98,4120.262017
-48.266199,101,4125.467039
-54.066492,101,4130.670851
-72.803436,100,4135.825181
-61.262378,100,4140.979923
-56.357984,99,4146.083678
-35.234507,99,4151.188458
-63.663492,100,4156.342675
-57.939244,98,4161.396832
-59.631609,99,4166.500855
-51.842375,99,4171.605266
-71.009619,100,4176.759474
-55.229543,99,4181.863882
-66.384278,99,4186.968481
-73.567306,99,4192.07244
-45.119889,100,4197.22671
-52.956412,100,4202.397959
-56.402862,99,4207.502131
-49.05809,99,4212.606369
-57.660597,100,4217.76066
-52.372693,100,4222.915261
-60.585638,100,4228.069661
-46.208832,99,4233.173569
-53.843895,101,4238.361214
-61.566839,102,4243.615822
-55.333064,101,4248.820747
-49.173813,98,4253.8744
-55.536174,100,4259.028949
-56.22249,99,4264.133229
-58.525815,98,4269.204142
-60.129253,98,4274.258019
-49.438289,98,4279.379375
-71.412859,99,4284.51675
-48.42811,100,4289.671334
-52.788785,99,4294.775276
-49.899256,98,4299.829859
-49.960126,99,4304.93423
-51.191775,101,4310.138467
-42.112939,102,4315.426022
-63.276211,99,4320.530201
-50.258631,99,4325.63489
-50.232943,99,4330.772185
-41.572999,101,4335.977082
-36.504778,100,4341.130913
-58.805387,98,4346.185513
-40.219041,98,4351.239762
-41.445747,99,4356.343788
-68.932364,98,4361.398043
-71.154133,100,4366.552645
-54.838634,101,4371.756918
-50.315519,100,4376.91105
-72.059678,99,4382.015377
-35.687879,99,4387.119472
-49.776324,98,4392.173941
-72.464594,101,4397.378245
-68.5616,98,4402.432395
-62.525818,99,4407.536588
-62.816863,99,4412.640973
-43.783506,99,4417.72859
-36.223605,99,4422.832956
-35.278853,99,4427.93715
-58.462386,98,4432.991383
-63.124229,100,4438.179054
-35.855357,101,4443.383499
-44.850252,98,4448.421017
-56.614552,99,4453.525178
-64.990592,98,4458.579745
-65.75228,98,4463.633794
-56.965441,99,4468.738352
-80.065552,102,4473.992935
-81.91958,102,4479.246847
-48.815359,99,4484.334307
-58.255078,101,4489.538839
-56.54812,100,4494.693334
-59.88867,100,4499.847398
-68.532417,101,4505.051845
-66.474141,99,4510.156129
-60.31944,100,4515.310521
-56.29518,100,4520.464937
-83.623839,104,4525.819516
-70.619093,100,4530.974184
-82.581135,103,4536.278067
-63.678653,101,4541.482877
-72.393266,100,4546.636821
-55.227284,100,4551.824672
-62.720688,99,4556.929012
-60.204038,99,4562.033327
-62.410208,100,4567.18729
-53.634863,99,4572.291603
-43.644154,101,4577.496062
-47.102076,99,4582.600672
-47.752797,104,4587.955018
-40.776293,99,4593.059031
-41.185898,101,4598.263683
-42.728069,101,4603.468234
-84.398177,104,4608.822511
-51.34834,102,4614.076683
-38.308884,99,4619.181827
-42.892163,101,4624.385554
-48.598541,101,4629.589791
-44.695145,99,4634.694233
-52.741572,99,4639.79826
-54.15963,100,4644.952504
-36.709879,100,4650.106835
-46.396971,99,4655.211494
-44.550929,98,4660.265412
-48.524666,100,4665.420371
-48.463089,99,4670.52406
-41.708088,100,4675.678379
-47.523114,98,4680.732644
-44.619359,100,4685.887061
-41.122531,103,4691.191433
-37.962393,101,4696.395732
-39.791968,101,4701.600544
-43.635613,100,4706.754419
-42.615624,98,4711.808669
-36.338269,101,4717.01331
-41.472663,100,4722.167397
-48.330862,99,4727.27169
-41.325134,99,4732.375962
-44.719564,98,4737.43045
-36.572995,99,4742.517877
-44.578159,99,4747.622011
-42.321273,99,4752.726328
-49.659173,99,4757.830545
-33.971219,100,4762.985299
-41.601037,99,4768.089478
-43.537436,98,4773.143438
-37.749372,102,4778.398119
-40.224646,99,4783.502321
-38.886952,102,4788.756522
-50.685474,100,4793.911188
-43.64436,98,4799.015305
-39.753255,98,4804.102671
-49.140265,100,4809.257345
-42.355984,98,4814.311501
-34.238265,99,4819.415517
-41.835787,99,4824.519871
-32.947576,99,4829.624172
-39.886729,99,4834.761828
-31.100194,99,4839.866078
-38.211253,98,4844.920401
-42.389573,99,4850.057978
-28.032543,100,4855.195617
-45.360299,97,4860.199785
-36.182799,99,4865.304142
-40.987962,98,4870.358223
-32.935528,99,4875.462636
-38.618303,98,4880.516767
-44.954385,97,4885.521056
-48.163925,98,4890.575433
-36.156651,98,4895.629432
-52.928493,98,4900.683631
-45.109326,98,4905.738042
-43.660324,98,4910.792269
-46.048689,98,4915.84644
-33.107258,98,4920.900639
-32.32749,100,4926.054838
-48.828985,115,4931.960024
-26.936987,98,4937.014122
-44.899811,98,4942.06838
-41.265908,99,4947.172771
-30.935619,98,4952.260273
-37.221182,98,4957.314524
-36.361501,99,4962.419146
-47.375294,98,4967.473475
-35.537034,98,4972.527387
-31.392344,98,4977.581818
-32.627888,99,4982.686294
-32.333495,98,4987.740133
-39.379563,98,4992.794598
-41.576022,100,4997.948607
-48.658815,99,5003.053179
-35.175534,99,5008.157338
-32.278361,97,5013.16145
-29.90062,99,5018.265571
-42.691162,98,5023.319878
-27.365618,98,5028.374221
-36.545175,99,5033.478965
-46.702817,99,5038.583103
-43.134267,97,5043.586887
-46.925866,98,5048.641191
-41.102525,97,5053.645335
-45.616487,97,5058.649881
-32.251422,97,5063.653571
-48.141684,98,5068.707854
-41.033562,99,5073.812276
-59.075352,98,5078.883406
-51.702496,98,5083.971387
-50.7668,97,5088.975367
-48.050243,99,5094.079191
-43.905611,98,5099.133469
-41.067766,100,5104.288022
-58.814039,100,5109.442322
-45.984111,99,5114.546294
-54.213453,100,5119.701152
-57.587748,99,5124.805235
-58.753075,98,5129.859211
-51.233634,98,5134.913481
-60.369519,98,5140.018449
-47.302803,100,5145.172067
-44.252375,98,5150.226655
-32.471919,98,5155.280556
-54.88378,98,5160.335042
-45.199429,98,5165.389014
-48.033666,100,5170.543569
-42.519998,98,5175.597582
-48.849057,100,5180.752226
-35.226227,98,5185.806389
-45.095814,99,5190.910749
-55.395104,99,5196.014723
-48.640453,100,5201.169068
-51.607,101,5206.373445
-51.820426,100,5211.527787
-54.734104,100,5216.68208
-46.294738,101,5221.886617
-46.318183,100,5227.040985
-38.786297,100,5232.178604
-43.871454,98,5237.232651
-45.473626,100,5242.387117
-40.3118,99,5247.491758
-51.309975,100,5252.645918
-48.991884,101,5257.850046
-42.508444,98,5262.904126
-42.418898,100,5268.058405
-51.827116,106,5273.513013
-38.408946,100,5278.667433
-38.274362,100,5283.821898
-51.092525,102,5289.076049
-79.837508,118,5295.131113
-49.201011,99,5300.31877
-164.179897,147,5307.80866
-53.642393,100,5312.996574
-212.315229,172,5321.753596
-45.515304,99,5326.857847
-181.059785,148,5334.414145
-156.009028,139,5341.520296
-265.945359,185,5350.92791
-236.831275,169,5359.535056
-33.120581,101,5364.739448
-173.719975,146,5372.195737
-33.290443,102,5377.433954
-40.209534,98,5382.487809
-44.765619,97,5387.492093
-33.581264,101,5392.696223
-42.880686,100,5397.850785
-29.206181,98,5402.904685
-33.33681,99,5408.009309
-30.169748,100,5413.163638
-37.360322,98,5418.217801
-227.081168,163,5426.524614
-239.889436,168,5435.081855
-48.880952,98,5440.16939
-37.691779,98,5445.20717
-41.292321,97,5450.211088
-39.230877,99,5455.3157
-37.446471,100,5460.470009
-36.377906,99,5465.574435
-36.954609,99,5470.678245
-31.31925,99,5475.782795
-34.485056,98,5480.836743
-43.393037,100,5485.991197
-47.867168,98,5491.045385
-37.373452,97,5496.049835
-32.728836,98,5501.104219
-46.992811,98,5506.1913
-28.090953,98,5511.245556
-33.754084,99,5516.349872
-33.600257,99,5521.454454
-35.953911,100,5526.608501
-43.115779,97,5531.612618
-39.76302,98,5536.666921
-42.401697,98,5541.721132
-41.931335,100,5546.875433
-30.509057,97,5551.879657
-41.671011,98,5556.934093
-35.910344,98,5561.988144
-41.067255,98,5567.042355
-40.826122,98,5572.096858
-33.955516,98,5577.151123
-42.809088,98,5582.205157
-37.517474,97,5587.209482
-41.121128,99,5592.31383
-30.446403,98,5597.367782
-30.09469,98,5602.422275
-31.530603,98,5607.476426
-32.958595,98,5612.563749
-40.274182,98,5617.618075
-33.348725,98,5622.672568
-33.616039,98,5627.726654
-42.23645,97,5632.73076
-33.004892,98,5637.785393
-40.971782,108,5643.339709
-37.76505,98,5648.394197
-61.811709,98,5653.448391
-35.388585,98,5658.502391
-30.401205,97,5663.506583
-35.577818,98,5668.56082
-35.652684,98,5673.615181
-32.42264,98,5678.669659
-37.374735,98,5683.723536
-28.656943,98,5688.777987
-28.277027,99,5693.88233
-227.365956,127,5700.387514
-35.217883,99,5705.49184
-40.346064,99,5710.596125
-55.570433,99,5715.700568
-41.522846,99,5720.80464
-33.236859,98,5725.858814
-33.124225,99,5730.963394
-59.717864,99,5736.067408
-32.818403,97,5741.071604
-59.666098,100,5746.225899
-43.578251,99,5751.330407
-33.822357,97,5756.334606
-899.963104,500,5781.505505
-851.419433,500,5806.676553
-832.938446,500,5831.84768
-816.006459,500,5857.018996
-789.70867,500,5882.273216
-789.515078,500,5907.444585
-804.677307,500,5932.682453
-877.975404,500,5957.854026
-816.206122,500,5983.024667
-758.03917,500,6008.229193
-770.102944,500,6033.400068
-769.827756,500,6058.554552
-51.979463,101,6063.759203
-45.657341,103,6069.06335
-47.911339,105,6074.468293
-59.515901,119,6080.573305
-38.855136,102,6085.827437
-44.137427,100,6090.982017
-45.218792,101,6096.186415
-40.746841,101,6101.390504
-48.243405,101,6106.594956
-51.783263,105,6111.999535
-107.717437,178,6121.057068
-56.675484,103,6126.3619
-38.000954,99,6131.499218
-51.773505,116,6137.437483
-43.663067,102,6142.692119
-42.761227,101,6147.896622
-46.75978,100,6153.033951
-47.573353,98,6158.088119
-40.183176,101,6163.292744
-43.221426,101,6168.496983
-45.801023,99,6173.601055
-36.979413,100,6178.755462
-48.686858,103,6184.059939
-36.399416,99,6189.164108
-38.718985,99,6194.26849
-33.987508,99,6199.372879
-46.087741,98,6204.427023
-42.362717,98,6209.48203
-41.925668,100,6214.635589
-44.412092,99,6219.740116
-40.725643,99,6224.844074
-56.321687,99,6229.948478
-54.603442,101,6235.153068
-48.124988,98,6240.207081
-40.773141,100,6245.361658
-44.881056,99,6250.466875
-44.232337,98,6255.520139
-43.057716,98,6260.574168
-49.586412,100,6265.728508
-33.129121,98,6270.766254
-39.576315,99,6275.870146
-41.720607,98,6280.924455
-51.218311,100,6286.078703
-45.372316,99,6291.183019
-52.913861,98,6296.23755
-85.7323,111,6301.942415
-84.24658,109,6307.547391
-51.301188,98,6312.601027
-35.351143,98,6317.655252
-36.810989,100,6322.809931
-44.677015,99,6327.913852
-37.723152,100,6333.068542
-40.453057,99,6338.172575
-48.435116,98,6343.226981
-43.389342,99,6348.331112
-45.965161,99,6353.435338
-53.214107,98,6358.49011
-41.712242,99,6363.594133
-58.709197,107,6369.098942
-40.621638,101,6374.30314
-150.742983,93,6379.107172
-154.089817,93,6383.910934
-44.816051,98,6388.965493
-165.812412,91,6393.66905
-75.311107,143,6400.975384
-55.342554,101,6406.179694
-58.78892,103,6411.48404
-57.340389,101,6416.688841
-69.302335,102,6421.943041
-63.490697,101,6427.164144
-62.233509,98,6432.218181
-55.723661,102,6437.47288
-66.451481,102,6442.727097
-64.131859,101,6447.914606
-76.596353,101,6453.119049
-57.032812,102,6458.423707
-60.040038,99,6463.561074
-60.086881,102,6468.815724
-58.242611,101,6474.019881
-59.089954,101,6479.224307
-63.689591,102,6484.478737
-62.197055,101,6489.682861
-64.173387,101,6494.887136
-57.683629,100,6500.041675
-59.491371,100,6505.212826
-63.578685,100,6510.366992
-61.70963,100,6515.521366
-59.762668,101,6520.759367
-62.970783,100,6525.913585
-58.04929,100,6531.069379
-58.616965,99,6536.172194
-53.933483,101,6541.376533
-59.111452,100,6546.530917
-55.379153,99,6551.634951
-53.647746,101,6556.839803
-57.381541,99,6561.943599
-53.863861,99,6567.047867
-50.714579,101,6572.252686
-51.312685,100,6577.406765
-50.758909,99,6582.511009
-51.303358,102,6587.76535
-56.546184,99,6592.869791
-47.796798,102,6598.123923
-52.773311,101,6603.328299
-45.542135,101,6608.566213
-60.013538,108,6614.120762
-48.275013,101,6619.324873
-55.599598,101,6624.529509
-51.133806,100,6629.684093
-48.27851,103,6634.988297
-47.70385,103,6640.292616
-48.725375,104,6645.647364
-59.350235,105,6651.051555
-46.575254,101,6656.25613
-53.300346,103,6661.560526
-40.613319,100,6666.698064
-48.413423,104,6672.052622
-48.513785,104,6677.407
-49.992662,101,6682.61171
-42.490474,101,6687.849475
-44.256955,101,6693.053781
-44.694361,104,6698.407986
-45.868384,100,6703.562356
-40.905239,103,6708.866799
-43.388224,103,6714.171222
-45.246152,102,6719.42566
-40.680406,102,6724.680238
-44.735943,99,6729.784639
-49.272895,100,6734.938572
-44.866023,99,6740.04325
-41.727932,100,6745.197567
-44.488487,101,6750.40207
-43.935436,101,6755.606043
-37.292576,102,6760.860428
-46.755227,99,6765.965163
-39.936642,99,6771.068918
-43.1845,101,6776.273322
-47.818057,101,6781.47951
-39.887347,101,6786.682069
-38.389337,103,6791.986927
-36.507042,99,6797.09109
-42.189597,100,6802.245058
-32.832578,99,6807.349446
-49.709257,99,6812.453669
-46.031606,99,6817.557919
-49.192442,100,6822.712641
-44.389638,100,6827.866593
-39.021824,99,6832.971232
-44.327489,99,6838.075125
-49.952602,99,6843.179778
-30.790634,99,6848.317323
-30.848921,100,6853.50476
-46.496399,99,6858.642631
-46.260149,100,6863.796843
-35.779041,99,6868.901089
-33.044478,100,6874.055571
-30.302215,100,6879.210349
-37.047898,99,6884.31394
-39.488041,99,6889.4181
-50.788915,98,6894.47283
-52.886176,98,6899.526714
-45.167229,98,6904.581009
-29.230332,98,6909.635441
-34.446536,97,6914.656085
-50.933165,100,6919.810383
-35.486553,99,6924.914961
-28.90114,97,6929.918832
-51.194952,98,6934.973776
-36.191185,98,6940.027309
-47.682212,98,6945.081514
-39.274943,99,6950.219231
-38.421715,99,6955.323629
-45.580272,98,6960.378231
-31.947686,100,6965.515435
-46.17198,98,6970.571021
-31.221355,101,6975.774257
-42.637565,98,6980.828182
-39.393241,98,6985.882429
-29.72709,99,6990.986882
-37.170444,98,6996.041214
-51.040061,98,7001.095701
-43.579731,98,7006.149465
-31.548168,99,7011.253963
-41.113414,99,7016.358343
-41.27563,97,7021.39588
-45.541876,98,7026.449751
-33.834362,99,7031.554043
-46.595793,98,7036.608393
-47.214366,99,7041.712445
-43.753451,97,7046.717125
-49.309577,98,7051.771174
-33.192671,98,7056.825292
-37.674485,98,7061.879726
-37.201676,97,7066.883919
-41.098423,98,7071.937809
-38.037473,98,7076.992639
-37.823009,98,7082.04634
-52.275604,99,7087.134221
-37.199791,98,7092.188597
-41.259665,98,7097.242715
-42.69512,97,7102.246872
-34.467998,99,7107.350812
-48.167174,98,7112.405125
-37.339287,97,7117.409312
-40.537545,102,7122.663746
-41.226799,98,7127.717983
-41.661964,98,7132.77214
-32.058106,98,7137.82673
-41.278694,97,7142.83092
-36.114714,97,7147.835115
-35.139773,98,7152.88936
-45.417188,100,7158.043354
-38.177382,98,7163.097844
-39.159023,98,7168.151816
-51.489109,98,7173.206181
-43.693571,98,7178.26027
-30.165357,98,7183.314748
-37.071724,97,7188.319126
-37.289223,98,7193.37331
-30.357673,98,7198.427368
-34.779691,97,7203.431446
-32.704054,98,7208.485716
-41.896333,99,7213.589904
-43.52654,98,7218.644126
-163.191903,131,7225.366601
-45.089922,97,7230.371917
-38.058885,97,7235.374914
-31.175412,98,7240.429157
-52.472576,99,7245.566802
-34.855047,97,7250.604359
-36.810031,97,7255.608605
-47.243863,98,7260.662783
-37.901668,97,7265.666991
-32.680536,97,7270.671888
-43.594338,99,7275.775519
-30.841243,97,7280.779827
-38.91329,97,7285.78391
-138.361486,90,7290.438105
-55.098307,114,7296.292644
-42.093968,99,7301.397202
-133.774619,90,7306.050854
-132.365509,92,7310.804895
-133.847387,93,7315.608907
-46.992006,98,7320.696408
-40.991643,98,7325.750661
-35.583088,100,7330.905409
-34.89938,98,7335.959538
-54.991683,112,7341.714192
-43.379551,110,7347.402379
-155.789348,103,7352.706652
-151.40598,102,7357.961066
-139.715603,102,7363.215447
-156.132107,108,7368.770321
-148.057218,104,7374.124529
-50.834475,110,7379.779376
-41.488279,101,7384.983816
-48.715922,102,7390.238427
-46.580226,99,7395.342398
-51.676135,98,7400.396845
-48.697545,100,7405.550962
-195.250687,141,7412.757223
-134.453691,94,7417.611028
-45.90745,99,7422.748961
-139.499055,91,7427.452905
-50.15236,98,7432.506858
-46.50522,102,7437.761274
-49.927786,99,7442.865544
-49.175276,97,7447.869716
-47.256479,98,7452.923925
-43.703351,98,7457.978945
-42.239204,98,7463.032497
-55.796144,104,7468.386925
-45.58226,98,7473.44109
-47.503209,97,7478.445649
-48.535855,98,7483.499595
-42.001227,97,7488.504156
-40.881797,101,7493.708216
-42.270706,98,7498.762394
-45.020048,97,7503.766827
-43.811941,98,7508.820832
-38.988383,98,7513.875104
-42.440547,99,7518.979804
-38.204078,98,7524.033859
-34.528765,97,7529.037796
-37.799243,97,7534.04197
-41.060888,97,7539.046427
-40.488037,97,7544.050618
-28.97555,99,7549.154599
-44.547036,96,7554.108789
-32.745259,98,7559.163042
-34.15642,97,7564.167275
-33.188492,98,7569.221363
-45.699134,99,7574.325762
-31.385829,98,7579.379967
-26.943867,98,7584.467962
-40.230342,97,7589.473
-45.671004,97,7594.476585
-38.029861,98,7599.530676
-29.184561,99,7604.634469
-43.814322,98,7609.688975
-33.374565,98,7614.742849
-41.729966,98,7619.797319
-42.879289,99,7624.901463
-26.8268,98,7629.956094
-36.080464,98,7635.010212
-30.657395,99,7640.114489
-43.263358,99,7645.218495
-42.865749,97,7650.222934
-34.28421,98,7655.276941
-33.433059,98,7660.331459
-30.812431,98,7665.385689
-32.521198,97,7670.389876
-27.33419,98,7675.444087
-34.749229,99,7680.548334
-75.807424,99,7685.653003
-43.449744,97,7690.656544
-95.28117,111,7696.361371
-48.739135,97,7701.365578
-46.181227,97,7706.369733
-45.171862,97,7711.440667
-45.308403,98,7716.49499
-29.265812,99,7721.599261
-86.747687,104,7726.953776
-35.326254,98,7732.007946
-300.423727,259,7745.118897
-40.082886,98,7750.173354
-68.571969,104,7755.527995
-37.279387,99,7760.631871
-30.550563,98,7765.686306
-47.435834,99,7770.790672
-36.941443,99,7775.894964
-33.564706,98,7780.948932
-784.970896,500,7806.119958
-810.047051,500,7831.291133
-802.45962,500,7856.462337
-792.103815,500,7881.616613
-768.236466,500,7906.787718
-744.088383,500,7931.94219
-735.818715,500,7957.113358
-778.941754,500,7982.284366
-798.834455,500,8007.455464
-806.218195,500,8032.626855
-797.833953,500,8057.81448
-792.824843,500,8082.985598
-780.951959,500,8108.140046
-54.675471,102,8113.394353
-148.494141,93,8118.198301
-47.802761,102,8123.452985
-55.634332,104,8128.807223
-48.37172,101,8134.011558
-55.722186,102,8139.299323
-53.352116,101,8144.503879
-48.414455,105,8149.908246
-44.688914,102,8155.162586
-43.424801,102,8160.417373
-56.226322,102,8165.672093
-59.353507,101,8170.859121
-42.874081,100,8176.013474
-45.52427,102,8181.268104
-47.798728,103,8186.572283
-50.574001,101,8191.77666
-42.563711,102,8197.031131
-53.365407,100,8202.185625
-40.759929,100,8207.33976
-49.985661,101,8212.54402
-40.859038,102,8217.798421
-47.191897,100,8222.952778
-52.432448,101,8228.157439
-51.832453,99,8233.261426
-46.999332,101,8238.466163
-49.236739,100,8243.6204
-42.617507,100,8248.774418
-46.990353,99,8253.879194
-51.496938,99,8258.983257
-45.163427,100,8264.137387
-46.703861,100,8269.325383
-56.027136,101,8274.529669
-47.363753,100,8279.683907
-51.684133,102,8284.938341
-58.377904,104,8290.292621
-58.37629,104,8295.647042
-55.860959,105,8301.052217
-40.668694,100,8306.189421
-56.257158,101,8311.393587
-52.968191,102,8316.648247
-56.401762,105,8322.05301
-62.862225,105,8327.457063
-44.039122,103,8332.762323
-40.714558,101,8337.966096
-43.3234,102,8343.2204
-52.074819,110,8348.875074
-48.357227,102,8354.129416
-55.352739,102,8359.38408
-58.13729,102,8364.638481
-55.384669,103,8369.94293
-58.811837,101,8375.147043
-36.993034,100,8380.301385
-61.197984,107,8385.805981
-57.517492,102,8391.060377
-52.178068,99,8396.165006
-50.809119,101,8401.369025
-45.852252,99,8406.47386
-38.464434,102,8411.728035
-34.986728,100,8416.882678
-56.491502,100,8422.036849
-33.648671,99,8427.140584
-40.672906,101,8432.344973
-47.421748,98,8437.399259
-34.44335,98,8442.453736
-34.633462,99,8447.557748
-40.260916,98,8452.612114
-37.776583,98,8457.666154
-42.195998,99,8462.77064
-43.53849,100,8467.924819
-42.063095,99,8473.029387
-32.289546,99,8478.116686
-51.290053,102,8483.354426
-42.892532,100,8488.508811
-31.872282,99,8493.613295
-45.930597,99,8498.717238
-51.859935,99,8503.821514
-58.895553,100,8508.97663
-33.851252,97,8513.982517
-64.590888,100,8519.134417
-42.042764,99,8524.272313
-36.785188,99,8529.377383
-31.656949,99,8534.481086
-46.056231,99,8539.585201
-30.677795,98,8544.639075
-44.397428,99,8549.743591
-30.780248,99,8554.847647
-28.439459,98,8559.902162
-33.776262,98,8564.956054
-46.256427,97,8569.960381
-31.208222,99,8575.064445
-45.440955,97,8580.068969
-30.150169,99,8585.173138
-33.247927,98,8590.227302
-26.926808,98,8595.281938
-50.287233,98,8600.335781
-29.080133,98,8605.39032
-32.699333,98,8610.444293
-41.146294,97,8615.449927
-38.369865,98,8620.48614
-42.030004,99,8625.590325
-30.742561,98,8630.644597
-36.679719,98,8635.699056
-40.055185,98,8640.753115
-28.796657,98,8645.807356
-30.643854,99,8650.91151
-42.613184,99,8656.016195
-35.746004,98,8661.070307
-42.737207,98,8666.124302
-35.508919,99,8671.228842
-28.034799,98,8676.282778
-30.606653,98,8681.337003
-44.202698,98,8686.39142
-33.686599,98,8691.445575
-41.827784,97,8696.449746
-35.469242,99,8701.554271
-34.214899,99,8706.658532
-32.506271,98,8711.712485
-31.883568,97,8716.716968
-40.218079,97,8721.721108
-33.366204,97,8726.725023
-35.487413,99,8731.829482
-37.534852,97,8736.833667
-44.695083,98,8741.88779
-40.331446,98,8746.942336
-33.661354,97,8751.946377
-39.358528,99,8757.050536
-32.370016,99,8762.154791
-42.757674,99,8767.242421
-40.303454,98,8772.296696
-45.751275,98,8777.350873
-38.216086,97,8782.355099
-27.124432,97,8787.35919
-27.515515,98,8792.413745
-36.624808,98,8797.468066
-43.998811,98,8802.522201
-27.715606,98,8807.576483
-43.008591,97,8812.580425
-41.024074,97,8817.584898
-33.030331,97,8822.589203
-27.975722,99,8827.743368
-34.80852,98,8832.830968
-45.742291,98,8837.885213
-44.940604,98,8842.93917
-41.241979,98,8847.993896
-50.018648,97,8852.997772
-41.187515,98,8858.051921
-36.837128,98,8863.106152
-53.867544,97,8868.110544
-34.070208,98,8873.164577
-43.510563,98,8878.218744
-31.056102,97,8883.223032
-43.478385,98,8888.310768
-33.583035,98,8893.364793
-39.396029,98,8898.419365
-35.644524,97,8903.423209
-37.20435,98,8908.477828
-34.882408,97,8913.482117
-42.430881,98,8918.536155
-40.401542,97,8923.523412
-38.626971,98,8928.577879
-31.459198,98,8933.632282
-25.603732,98,8938.686406
-26.647758,98,8943.740434
-40.366241,98,8948.794658
-34.939523,98,8953.848838
-29.585355,97,8958.852943
-30.734755,97,8963.890572
-33.168334,98,8968.944873
-30.753266,98,8973.999182
-35.996623,97,8978.986733
-27.195684,98,8984.040839
-34.319469,99,8989.145326
-26.671667,99,8994.24947
-40.469667,98,8999.303907
-32.830519,98,9004.357822
-31.422072,98,9009.412276
-39.878743,97,9014.416502
-40.206704,98,9019.470971
-35.1311,98,9024.524783
-49.262035,98,9029.579225
-33.527783,97,9034.583264
-26.932248,98,9039.637665
-40.620076,98,9044.691552
-28.429904,98,9049.779224
-25.218392,97,9054.78342
-25.479332,97,9059.787683
-35.968939,98,9064.842165
-41.354952,98,9069.896073
-41.457352,98,9074.950325
-38.786883,97,9079.954535
-26.848244,98,9085.009689
-42.072944,97,9090.013
-42.541579,97,9095.01712
-44.606697,97,9100.021435
-36.134864,99,9105.108994
-30.397019,97,9110.113122
-38.670249,98,9115.167276
-32.379201,99,9120.271708
-39.414291,98,9125.326181
-38.957061,99,9130.43046
-45.336864,99,9135.517743
-35.412891,99,9140.622345
-46.097828,99,9145.726612
-37.760137,99,9150.830619
-44.343943,101,9156.03515
-29.817501,99,9161.139237
-36.285706,99,9166.243778
-43.997051,97,9171.247763
-28.409093,97,9176.251887
-47.769447,99,9181.356205
-29.703448,97,9186.36043
-151.272464,94,9191.1979
-773.961842,500,9216.402284
-768.764621,500,9241.573303
-755.295018,500,9266.744879
-773.762327,500,9291.915588
-987.443827,500,9317.069804
-957.223445,500,9342.241947
-813.680804,500,9367.412127
-796.254414,500,9392.58324
-773.358284,500,9417.737933
-767.06247,500,9442.909036
-217.135821,193,9452.717014
-116.811052,127,9459.239203
-184.432006,166,9467.696285
-136.555341,139,9474.802461
-1051.459379,500,9499.95649
-1037.090815,500,9525.110892
-1071.440265,500,9550.282514
-1094.685466,500,9575.453467
-1094.927962,500,9600.607548
-1103.405027,500,9625.762118
-1102.28182,500,9650.933297
-1013.417898,500,9676.104589
-986.331496,500,9701.275292
-988.520753,500,9726.446423
-979.688536,500,9751.618273
-951.747336,500,9776.788551
-931.923465,500,9801.960762
-918.737361,500,9827.130795
-901.703083,500,9852.301831
-900.802301,500,9877.473455
-911.741048,500,9902.644003
-775.595928,500,9927.815452
-738.453777,500,9952.986857
-732.366541,500,9978.173983
-711.684362,500,10003.345186
-722.598325,500,10028.516387
-726.085977,500,10053.68738
-864.758462,500,10078.843275
-897.40185,500,10104.012967
-836.953427,500,10129.184509
-841.182135,500,10154.372112
-889.580446,500,10179.542853
-855.482916,500,10204.714275
-852.971801,500,10229.885234
-858.245288,500,10255.123327
-863.324917,500,10280.294103
-808.516631,500,10305.465348
-820.922986,500,10330.652821
-712.429267,500,10355.8074
-728.856427,500,10380.97998
-758.678133,500,10406.149415
-768.989155,500,10431.32058
-754.66152,500,10456.491822
-909.061504,500,10481.662753
-846.041928,500,10506.833884
-796.867432,500,10532.055161
-761.475114,500,10557.292941
-773.820778,500,10582.497335
-761.892027,500,10607.668411
-755.725814,500,10632.839518
-993.755819,500,10658.044396
-790.457793,500,10683.231811
-942.488084,500,10708.40311
-967.013818,500,10733.573939
-710.997934,500,10758.745033
-699.843299,500,10783.899493
-691.059893,500,10809.087203
-659.504342,500,10834.241741
-658.527485,500,10859.412715
-644.057844,500,10884.567195
-888.502317,500,10909.721869
-1018.69477,500,10934.892718
-991.203027,500,10960.064076
-741.555879,500,10985.301628
-755.643849,500,11010.473076
-774.422976,500,11035.627162
-756.962934,500,11060.78187
-757.024911,500,11085.952804
-764.226438,500,11111.123713
-706.181055,500,11136.279601
-821.978512,500,11161.566081
-204.174235,121,11167.771273
-288.976857,184,11177.129383
-840.064391,500,11202.300071
-741.780772,500,11227.504746
-727.839991,500,11252.658987
-587.554151,500,11277.830416
-785.217371,500,11303.001562
-759.569398,500,11328.205732
-741.866459,500,11353.377153
-754.356662,500,11378.547935
-746.488771,500,11403.702459
-754.504124,500,11428.873511
-732.397464,500,11454.044595
-764.299483,500,11479.24926
-959.14136,500,11504.420367
-886.21239,500,11529.591483
-644.233672,500,11554.762628
-656.64398,500,11579.933402
-895.612718,500,11605.087852
-854.917442,500,11630.259151
-817.084193,500,11655.42995
-852.784215,500,11680.584656
-821.575304,500,11705.855868
-797.087607,500,11731.010144
-745.572994,500,11756.181226
-743.388849,500,11781.352693
-690.041476,500,11806.506701
-648.501466,500,11831.661356
-614.171687,500,11856.815517
-586.383445,500,11881.986777
-584.329099,500,11907.14103
-596.75021,500,11932.312185
-583.173169,500,11957.483336
-585.366856,500,11982.738001
-601.612807,500,12007.908982
-608.410751,500,12033.079901
-606.12347,500,12058.251047
-811.206151,500,12083.455487
-733.394523,500,12108.626906
-851.184123,500,12133.798049
-749.985772,500,12158.935548
-770.047201,500,12184.139838
-846.216206,500,12209.31137
-949.731675,500,12234.482577
-966.535789,500,12259.670197
-939.730385,500,12284.84131
-903.014861,500,12310.012719
-872.63647,500,12335.216838
-857.383893,500,12360.387765
-609.358125,500,12385.558849
-852.690663,500,12410.730047
-855.492166,500,12435.900954
-848.128673,500,12461.055403
-811.049035,500,12486.22729
-805.351808,500,12511.381072
-802.13998,500,12536.552073
-793.225106,500,12561.72344
-757.639824,500,12586.894378
-789.414174,500,12612.148766
-797.652503,500,12637.319894
-798.036161,500,12662.491077
-806.900953,500,12687.72882
-701.112905,500,12712.933479
-637.419523,500,12738.10429
-815.097764,500,12763.275522
