#{"t_start": 1768332712.6886976, "env_id": "None"}
r,l,t
-1783.436045,500,14.049193
-1768.273575,500,26.649997
-1636.552568,500,39.176195
-1362.907375,500,51.73564
-1673.718181,500,67.158386
-1645.38296,500,80.605766
-1289.950132,500,93.280135
-1547.61529,500,105.897107
-1530.079517,500,119.889772
-1185.077067,500,132.476137
-1131.555137,500,145.050679
-1233.810466,500,157.712022
-1315.626722,500,171.72636
-1460.687974,500,184.378063
-1378.413503,500,197.013594
-1447.208134,500,209.729199
-1377.543741,500,223.75759
-1507.287788,500,236.572012
-1562.204052,500,249.290134
-1710.3799,500,262.552758
-1514.881884,500,277.018287
-1542.538283,500,290.270663
-1505.419982,500,303.495142
-1458.667519,500,316.694622
-1467.391305,500,331.061141
-1563.805196,500,343.73106
-1433.748454,500,356.880264
-1327.525497,500,369.951938
-1385.101949,500,384.449405
-1312.837365,500,397.022458
-1233.135256,500,409.721388
-1394.705457,500,422.367018
-1149.243742,500,436.414807
-1658.236001,500,448.959367
-1301.830877,500,461.499269
-1472.24478,500,474.029866
-1457.78006,500,487.94305
-1025.380598,500,500.392763
-1152.276977,500,512.853387
-1451.081965,500,525.225725
-1323.07518,500,539.093047
-1316.986068,500,551.524949
-1561.017077,500,563.989334
-1210.153526,500,576.422445
-1027.618688,500,589.156284
-1362.178458,500,603.724978
-1090.05401,500,616.85526
-818.531508,435,628.33451
-1192.926718,441,639.90741
-534.412314,254,648.131356
-1062.507344,452,659.950576
-402.668778,227,665.983872
-1139.345954,500,679.189128
-695.685665,370,689.082268
-457.660638,278,696.566612
-481.200355,249,704.666846
-564.065147,231,710.871177
-605.367874,248,717.530771
-642.071052,331,726.348323
-368.918896,186,731.348636
-426.603429,174,736.034451
-510.034554,273,743.36398
-457.820031,245,749.948808
-412.369289,197,755.246871
-595.853206,276,764.012829
-485.108724,197,769.318272
-546.685882,229,775.441153
-422.252814,200,780.80917
-932.464435,335,789.744961
-513.308215,258,796.704489
-613.893604,289,804.370514
-601.857148,259,811.337998
-314.394898,190,817.898252
-487.77832,208,823.486381
-485.50036,214,829.188822
-381.287513,160,833.504132
-478.643216,235,839.734008
-381.887111,188,844.815163
-849.293217,290,852.490099
-525.719911,238,858.819158
-368.232553,208,864.40568
-341.735929,171,868.975932
-336.680818,221,876.308197
-661.079931,265,883.296659
-597.273052,229,889.391614
-466.337534,198,894.719344
-901.039645,327,903.38876
-362.5083,186,908.386482
-578.689761,227,914.407501
-651.370303,272,921.593551
-693.608832,296,930.827284
-884.077012,317,939.165911
-341.651398,170,943.693145
-387.346725,184,948.60286
-486.260887,239,954.943693
-757.266232,272,962.090817
-509.732266,218,967.913803
-503.259108,292,975.704936
-703.839326,267,984.202953
-412.691334,218,989.984583
-482.614107,197,995.256372
-399.506574,209,1000.858893
-356.75906,155,1004.995992
-373.835554,155,1009.146817
-357.578106,212,1014.789568
-313.736922,197,1020.073226
-382.208335,163,1024.444934
-500.928985,234,1030.6863
-441.380953,213,1036.382437
-527.223231,234,1044.034038
-478.89282,264,1050.988724
-593.97771,264,1057.919782
-443.932042,214,1063.590399
-479.706438,195,1068.777067
-386.808737,206,1074.283259
-540.354648,264,1081.247842
-420.935235,212,1086.921196
-922.799359,395,1098.764092
-620.665845,268,1105.821995
-535.223168,299,1113.692993
-408.073876,194,1118.870548
-441.444025,228,1124.888086
-1078.893413,381,1134.897595
-560.015278,262,1141.839056
-472.596344,240,1148.223719
-350.620256,157,1153.637362
-394.136139,177,1158.113734
-419.944231,177,1162.610502
-372.821453,224,1168.581145
-337.987841,159,1172.808577
-300.961334,150,1176.798946
-351.694499,172,1181.349526
-489.098159,202,1186.689412
-541.912131,248,1193.203204
-337.466158,143,1197.007098
-356.442983,158,1201.185226
-271.335925,208,1208.12606
-333.238914,160,1212.397995
-327.700635,155,1216.527634
-429.627237,185,1221.443798
-291.355776,168,1225.911857
-236.083134,131,1229.409405
-289.01604,143,1233.216373
-250.362781,135,1236.816679
-285.63718,161,1241.089773
-332.713748,148,1245.039161
-273.864247,168,1249.478648
-343.65095,174,1254.08591
-359.050693,152,1258.147739
-272.431869,137,1263.21807
-243.747551,143,1267.021078
-184.52869,191,1272.108568
-185.214667,187,1277.087932
-278.799806,159,1281.311874
-250.418112,135,1284.898937
-231.581263,119,1288.055839
-241.048925,128,1291.45593
-241.039087,154,1295.533635
-240.394987,135,1299.120178
-254.423784,123,1302.384642
-178.108293,173,1306.969036
-330.419614,145,1310.798551
-253.334508,180,1316.986126
-319.803964,149,1320.979109
-302.176068,140,1324.725781
-278.076919,149,1328.688152
-263.429524,148,1332.617866
-226.52185,124,1335.937891
-270.990191,161,1340.251728
-215.189722,125,1343.591951
-286.258772,165,1347.984961
-301.63322,151,1352.014642
-213.519593,129,1355.442521
-270.446842,152,1359.497945
-263.001021,148,1363.444926
-231.243688,137,1367.096832
-312.154959,173,1373.08901
-147.693237,138,1376.605984
-205.153638,125,1379.772222
-286.82147,146,1383.563542
-259.294649,123,1386.832791
-298.166944,130,1390.279511
-240.797676,123,1393.562739
-236.796219,125,1396.871919
-216.931003,127,1400.226051
-268.550968,137,1403.855374
-252.131178,155,1407.97564
-289.462891,145,1411.821695
-187.125387,113,1414.841577
-209.314196,128,1418.271535
-250.82101,149,1422.244415
-274.902601,128,1425.676092
-238.920914,122,1430.37485
-186.800893,110,1433.361752
-450.903517,192,1438.517441
-239.830306,119,1441.736532
-183.88367,115,1444.826907
-244.47366,176,1449.559441
-212.179194,123,1452.858199
-201.500739,109,1455.801767
-204.115289,120,1459.035351
-205.133743,123,1462.338108
-250.656897,117,1465.491262
-204.306633,106,1468.354276
-224.117938,121,1471.605551
-205.684647,129,1475.072357
-226.557511,111,1478.077247
-239.841296,133,1481.6524
-300.085863,130,1486.579282
-193.770936,127,1490.013697
-277.397515,119,1493.221711
-189.197258,101,1495.926776
-208.351985,121,1499.175617
-227.357057,113,1502.224453
-251.45701,131,1505.756513
-187.995518,107,1508.632042
-215.909664,126,1512.021351
-378.889584,203,1517.420114
-168.520409,107,1520.297727
-239.183196,128,1523.753556
-173.056906,113,1526.792501
-840.600986,368,1536.500944
-142.963058,134,1541.566343
-179.055628,111,1544.523194
-191.869777,111,1547.459145
-197.189352,136,1550.959753
-176.147368,115,1553.861414
-83.413696,119,1556.866052
-217.627532,125,1560.035389
-82.878807,126,1563.230983
-234.607611,133,1566.591482
-215.127613,119,1569.59042
-208.50686,126,1572.758241
-169.886326,109,1575.508284
-265.481132,127,1578.701778
-201.014095,129,1581.957891
-193.975385,108,1584.708488
-223.402825,122,1587.780985
-191.714165,116,1590.71495
-212.751542,115,1595.06598
-212.472918,117,1598.185785
-201.067429,115,1601.247017
-214.192953,115,1604.311945
-165.747683,112,1607.304464
-214.995497,147,1611.234597
-169.290951,105,1614.043028
-218.612254,123,1617.320578
-99.341972,119,1620.51325
-183.620985,99,1623.158141
-178.703255,110,1626.103655
-199.522795,115,1629.175803
-166.864929,105,1631.974285
-172.81955,103,1634.725592
-76.879365,128,1638.151914
-170.234313,101,1640.845438
-156.841158,103,1643.602608
-233.671034,153,1647.69207
-194.012955,128,1652.44513
-179.785061,130,1655.954636
-158.718752,102,1658.70767
-176.725849,111,1661.702979
-196.081127,127,1665.153345
-202.596189,175,1669.88046
-173.179698,127,1673.307976
-68.4697,98,1675.975298
-104.438999,126,1679.392518
-185.01745,107,1682.277427
-198.686421,122,1685.579832
-239.548239,122,1688.871046
-183.481819,103,1691.646934
-196.652973,105,1694.486658
-105.018869,126,1697.906194
-202.926724,143,1701.779419
-107.765237,127,1705.220575
-113.584493,120,1709.897835
-194.560264,98,1712.523781
-183.203124,105,1715.339468
-224.597873,108,1718.24639
-156.447714,97,1720.866721
-158.796889,99,1723.526936
-187.809312,105,1726.350813
-193.877469,101,1729.081434
-80.270171,124,1732.409285
-183.397526,97,1735.019399
-296.045572,134,1738.637795
-78.223904,114,1741.716559
-173.539137,123,1745.024958
-88.633273,114,1748.090409
-160.725587,102,1750.833256
-176.5044,111,1753.814386
-231.375495,100,1756.511306
-163.565141,97,1759.130879
-195.971177,99,1761.794507
-63.666106,110,1766.164474
-174.203482,105,1768.956007
-168.127144,113,1771.961707
-82.206744,106,1774.793455
-71.752595,110,1777.726943
-182.665613,111,1780.686363
-171.676133,108,1783.566862
-81.328169,128,1786.980933
-190.544333,154,1791.062324
-80.332896,110,1793.992797
-68.693495,116,1797.080922
-146.167377,95,1799.605713
-156.288464,101,1802.292234
-214.06199,113,1805.309859
-181.141532,97,1807.876393
-154.976793,97,1810.452401
-196.684045,111,1813.408007
-100.762265,114,1816.449627
-70.329209,119,1821.06684
-178.020061,107,1823.931626
-67.933258,111,1826.905907
-182.123814,109,1829.82556
-167.300505,103,1832.583879
-66.671991,108,1835.479224
-62.841993,116,1838.579275
-180.671689,111,1841.538032
-166.942251,101,1844.240539
-188.257791,126,1847.614429
-91.839204,106,1850.460837
-180.967083,101,1853.156327
-69.866381,110,1856.101345
-160.090133,121,1859.33041
-164.278462,107,1862.195458
-170.607824,111,1865.157975
-87.563351,128,1868.579154
-52.789217,115,1871.666994
-156.914974,116,1874.771342
-181.393331,99,1878.861301
-54.009637,109,1881.790686
-159.179175,114,1884.849664
-61.969754,113,1887.87301
-65.489553,116,1890.991384
-186.279673,102,1893.713119
-200.855599,123,1897.0066
-153.518043,95,1899.55822
-70.826914,106,1902.404862
-204.535216,165,1906.815596
-51.093908,104,1909.602055
-159.922495,95,1912.151418
-148.954647,119,1915.357742
-82.0676,124,1918.686669
-156.25673,97,1921.278853
-114.171079,124,1924.598313
-62.41561,104,1927.389309
-76.60877,124,1930.708719
-61.730088,108,1935.043853
-69.230077,110,1937.979132
-48.554073,114,1941.025398
-170.531947,100,1943.693595
-59.216199,114,1946.738645
-181.856977,112,1949.723615
-51.182839,114,1952.768451
-174.89581,128,1956.185611
-176.604134,118,1959.33487
-52.047798,118,1962.482454
-156.344497,93,1964.953472
-138.228751,94,1967.463917
-142.829512,96,1970.027041
-50.667614,104,1972.80508
-140.80837,94,1975.316145
-59.947058,113,1978.332223
-82.04397,102,1981.067065
-168.25968,98,1983.677401
-79.844949,115,1986.749254
-66.945831,105,1990.9948
-67.756308,113,1994.01612
-178.593276,106,1996.845606
-95.437379,119,2000.025815
-171.955493,111,2003.004653
-73.352526,103,2005.768351
-64.840801,104,2008.550744
-42.930608,107,2011.416723
-63.397795,119,2014.597451
-162.584222,116,2017.712769
-45.238843,104,2020.496049
-160.530381,99,2023.149058
-150.429616,105,2025.968061
-62.108779,110,2028.904879
-43.188469,99,2031.562542
-60.97348,100,2034.244396
-50.174787,118,2037.409163
-183.166436,136,2041.054404
-63.151714,104,2043.83918
-150.903126,107,2048.153516
-157.061478,114,2051.216012
-63.121982,109,2054.144743
-79.325683,110,2057.102463
-164.803096,155,2061.263284
-135.384447,92,2063.731149
-44.810104,103,2066.499885
-62.289542,109,2069.432813
-146.404646,114,2072.496758
-154.692059,97,2075.098078
-190.148465,119,2078.299977
-61.281363,108,2081.204482
-40.282145,99,2083.869504
-62.657933,107,2086.752078
-166.503061,111,2089.730919
-54.632623,118,2092.908492
-40.140686,103,2095.680883
-38.60887,102,2098.419847
-148.235939,93,2102.318789
-50.132989,99,2104.994809
-169.345792,98,2107.647591
-162.693809,132,2111.195993
-151.667891,98,2113.84523
-82.285763,115,2116.957637
-76.545409,106,2119.819795
-61.386094,111,2122.829334
-168.63215,111,2125.830775
-40.006469,108,2128.752894
-155.624486,116,2131.883164
-172.901518,119,2135.09962
-61.620474,112,2138.131623
-47.297989,106,2140.998906
-48.863008,113,2144.051278
-49.533891,99,2146.747491
-40.348358,98,2149.390313
-40.34574,107,2152.283561
-85.069716,129,2155.765958
-51.450106,104,2159.991663
-55.959107,102,2162.722464
-166.911975,115,2165.794056
-68.341164,113,2168.823345
-73.672189,113,2171.846845
-136.827342,94,2174.357213
-80.399851,118,2177.510092
-52.764049,104,2180.288673
-78.393729,109,2183.210193
-136.515552,88,2185.565092
-165.932018,107,2188.436053
-54.358617,116,2191.539292
-202.193308,101,2194.242575
-53.990007,120,2197.454148
-61.016885,112,2200.454393
-144.844802,95,2202.999452
-145.240403,97,2205.589355
-61.816576,107,2208.461974
-167.580795,99,2211.109668
-78.350717,117,2215.686922
-78.214243,113,2218.739895
-52.416765,103,2221.523058
-137.543784,93,2224.027356
-50.285856,100,2226.72599
-54.414644,104,2229.533616
-47.499301,102,2232.292923
-46.362972,102,2235.045875
-157.029943,97,2237.669054
-60.7338,119,2240.881615
-157.589241,95,2243.444723
-165.95406,123,2246.764151
-64.231801,108,2249.682527
-170.85202,129,2253.165276
-147.33221,107,2256.051805
-64.080654,104,2258.872262
-140.191382,95,2261.430788
-68.807232,110,2264.407179
-53.969855,110,2267.365168
-76.932347,112,2271.823121
-56.686195,103,2274.589968
-50.509002,100,2277.280117
-147.279021,109,2280.204996
-67.001183,108,2283.107713
-43.945963,100,2285.792663
-60.548702,99,2288.456223
-56.42538,115,2291.542201
-39.169354,99,2294.201791
-49.459522,106,2297.048193
-156.664712,116,2300.1626
-161.628607,106,2303.00592
-59.862697,107,2305.872773
-38.379198,98,2308.502753
-81.282107,108,2311.397853
-55.481492,100,2314.079864
-47.691142,102,2316.817106
-44.052666,94,2319.348929
-141.348244,105,2322.162315
-49.762683,100,2324.845716
-61.813253,111,2329.165811
-83.217119,110,2331.964671
-150.691199,117,2334.952408
-60.392166,101,2337.534211
-49.424691,95,2339.960646
-58.430452,105,2342.643314
-31.577842,95,2345.068465
-67.182794,112,2347.927055
-164.653109,111,2350.756222
-67.030619,109,2353.542863
-50.627548,99,2356.073881
-49.421522,106,2358.789538
-58.305921,101,2361.370911
-38.463696,95,2363.80161
-48.984821,102,2366.404886
-48.623303,106,2369.112949
-65.118939,102,2371.716541
-58.61507,100,2374.300416
-145.767295,99,2376.854369
-63.929721,105,2379.584374
-61.048842,104,2383.671114
-34.667905,97,2386.169631
-92.21352,119,2389.239929
-48.167882,97,2391.741765
-140.003232,103,2394.401676
-165.982502,107,2397.159108
-44.924457,112,2400.053622
-38.52057,101,2402.657235
-48.748526,103,2405.309628
-153.469152,91,2407.662341
-144.920782,106,2410.390029
-139.537263,89,2412.688305
-38.360034,101,2415.290901
-34.57375,99,2417.846754
-45.898406,113,2420.75759
-66.668573,109,2423.571513
-163.609468,97,2426.075343
-55.467392,102,2428.707283
-53.304357,102,2431.341866
-53.935158,98,2433.868349
-38.907606,101,2437.891276
-35.014486,100,2440.443815
-66.592141,110,2443.266352
-154.101999,106,2445.966499
-139.614705,91,2448.285818
-55.959629,106,2450.982863
-57.044921,106,2453.688327
-150.066579,116,2456.643935
-26.572344,96,2459.090778
-154.369886,107,2461.816606
-53.295581,104,2464.552969
-50.140186,108,2467.437791
-137.689852,99,2470.080415
-65.553261,119,2473.259911
-59.403128,96,2475.82502
-49.237786,110,2478.764625
-36.754337,100,2481.427992
-44.882958,101,2484.13119
-48.64788,98,2486.751122
-43.548924,94,2489.262578
-51.457843,102,2493.30065
-54.49668,107,2496.033074
-44.736084,104,2498.697628
-160.572831,109,2501.48237
-160.474597,141,2505.080869
-50.27417,100,2507.631267
-140.611523,103,2510.271633
-47.649949,112,2513.135919
-47.535018,103,2515.76074
-60.75558,109,2518.540678
-161.46209,118,2521.541566
-75.432342,124,2524.709121
-39.481287,101,2527.278636
-195.011452,99,2529.803661
-53.40986,106,2532.503479
-49.966797,102,2535.112031
-135.701287,91,2537.430175
-150.878078,123,2540.567715
-52.886984,102,2544.58667
-37.110645,98,2547.093206
-37.881056,96,2549.554168
-54.432302,104,2552.214362
-153.338737,115,2555.171152
-53.409282,103,2557.80223
-147.687205,106,2560.527039
-40.087816,101,2563.114231
-50.999941,98,2565.628919
-63.408255,105,2568.325653
-55.96114,102,2570.924623
-43.101365,97,2573.412163
-47.050196,106,2576.113902
-36.986419,101,2578.690911
-137.673825,98,2581.189447
-58.484438,102,2583.798078
-64.196806,139,2587.341388
-44.195794,97,2589.818912
-46.143124,107,2592.544881
-158.285603,105,2595.259172
-38.64317,97,2599.119892
-156.288968,145,2602.794729
-55.392165,96,2605.257874
-60.307553,105,2608.066972
-154.151509,100,2610.739489
-30.52375,96,2613.296379
-72.102641,110,2616.238524
-58.99052,96,2618.804039
-151.687318,103,2621.552603
-48.911339,106,2624.382434
-149.093952,105,2627.181852
-63.561593,109,2630.092275
-53.430806,97,2632.678099
-61.472506,105,2635.485185
-153.881072,93,2637.968409
-57.183411,99,2640.623501
-50.010898,108,2643.505713
-51.547266,100,2646.179705
-161.908045,123,2649.444054
-197.504479,150,2654.869279
-46.3788,100,2657.554865
-35.020821,101,2660.277115
-39.364578,97,2662.883268
-50.258409,98,2665.524187
-40.119942,102,2668.271451
-49.25743,99,2670.945577
-50.461386,113,2673.99044
-38.716692,96,2676.574958
-156.365697,91,2679.033865
-51.141429,110,2682.000768
-45.971094,104,2684.802189
-37.421162,99,2687.470702
-65.59044,113,2690.517169
-44.387078,109,2693.452478
-165.826573,113,2696.499286
-51.013323,102,2699.251375
-152.747968,108,2702.190873
-46.297647,96,2704.787315
-54.620922,109,2707.726296
-33.023199,96,2711.750415
-58.846587,102,2714.528183
-53.353827,97,2717.16334
-40.552142,102,2719.937672
-52.688922,99,2722.626713
-31.438304,101,2725.379101
-47.975186,96,2727.980565
-142.987675,90,2730.423444
-39.066276,97,2733.058889
-53.999886,99,2735.747981
-164.435864,139,2739.510782
-35.055045,100,2742.222519
-47.63737,103,2745.027872
-52.22718,104,2747.844848
-39.031155,98,2750.502798
-64.743369,106,2753.376338
-39.253359,98,2756.036732
-154.150427,135,2759.67547
-39.717282,104,2762.492665
-172.570614,125,2765.870386
-61.901987,111,2770.315884
-54.003306,108,2773.234723
-147.532944,92,2775.720066
-57.062231,106,2778.585241
-61.080118,105,2781.421695
-45.362641,98,2784.069592
-58.835955,115,2787.184321
-57.890329,115,2790.297567
-147.254859,104,2793.113748
-43.959335,107,2796.009687
-36.811578,106,2798.868153
-57.33284,99,2801.548154
-141.736448,94,2804.086406
-40.39507,107,2806.97774
-39.258295,101,2809.71084
-43.361694,105,2812.543694
-33.784974,101,2815.275949
-142.157244,115,2818.382203
-40.210024,106,2821.24962
-37.032715,100,2825.382564
-140.653847,106,2828.227671
-42.723256,98,2830.868369
-48.917574,102,2833.609574
-50.382368,100,2836.302437
-35.66321,100,2838.991904
-43.963024,107,2841.867004
-57.17868,109,2844.802506
-41.205808,96,2847.383427
-36.738878,98,2850.02084
-47.496116,111,2853.006456
-151.644659,101,2855.720833
-57.470778,102,2858.460349
-151.02078,95,2861.011659
-37.159355,94,2863.536377
-51.954725,122,2866.812835
-39.85493,106,2869.657379
-42.609762,98,2872.29676
-51.830268,108,2875.201878
-49.515657,98,2877.833335
-50.758234,102,2882.02064
-34.882662,98,2884.671091
-52.369853,102,2887.429437
-37.685545,102,2890.185609
-43.334454,98,2892.833943
-58.82707,105,2895.677777
-52.684293,111,2898.6723
-61.433972,112,2901.698914
-159.093666,119,2904.908945
-37.396805,98,2907.55681
-39.940851,100,2910.255222
-61.473197,117,2913.411836
-42.714932,103,2916.199173
-71.107033,113,2919.255208
-37.467727,106,2922.122865
-55.95478,108,2925.036521
-31.654938,102,2927.788169
-52.127495,108,2930.711323
-36.977572,96,2933.301471
-49.332174,107,2936.202852
-45.087205,105,2940.469976
-33.539879,99,2943.141746
-46.207813,94,2945.683534
-29.895516,95,2948.248273
-40.340179,94,2950.790068
-35.527124,100,2953.48629
-51.212526,117,2956.649729
-41.787129,98,2959.299199
-43.947819,105,2962.135244
-53.937718,106,2964.99332
-28.939496,94,2967.532049
-30.245322,101,2970.255405
-40.483443,98,2972.904537
-32.262769,97,2975.5256
-151.856291,86,2977.83971
-148.882686,105,2980.678919
-47.461401,100,2983.37963
-53.220029,102,2986.137815
-49.216621,114,2989.213278
-155.881242,119,2992.431891
-44.112654,106,2996.747291
-47.298226,101,2999.476252
-40.449645,106,3002.338951
-44.68385,102,3005.088047
-52.797408,99,3007.762042
-147.74317,99,3010.430125
-37.541726,98,3013.077201
-144.630807,117,3016.235695
-42.011103,100,3018.936518
-41.382111,95,3021.512278
-47.497345,110,3024.483778
-38.891935,97,3027.104474
-53.940306,112,3030.121999
-36.067388,99,3032.796324
-47.19953,105,3035.626838
-127.617917,89,3038.021325
-35.132236,103,3040.801596
-42.803565,107,3043.68459
-43.397954,108,3046.605606
-46.172237,103,3049.386539
-53.12929,103,3053.564183
-154.133356,110,3056.517336
-149.857572,106,3059.352394
-48.711336,96,3061.931986
-44.775965,106,3064.770993
-144.905127,109,3067.700416
-50.720768,100,3070.378502
-38.697505,100,3073.058474
-59.092419,101,3075.764205
-52.420198,105,3078.578101
-52.808938,104,3081.364303
-45.668423,100,3084.044807
-48.906184,98,3086.679533
-55.863033,110,3089.623697
-142.61407,106,3092.461354
-137.062629,108,3095.352673
-66.860003,106,3098.192419
-22.186907,94,3100.708675
-40.89657,115,3103.789053
-61.570385,125,3108.553335
-149.409466,114,3111.619085
-38.15191,103,3114.384081
-67.912056,143,3118.192674
-153.826645,114,3121.259725
-36.439442,101,3123.970352
-36.715465,96,3126.556773
-37.645793,105,3129.377735
-53.742941,110,3132.345734
-54.832576,111,3135.333055
-45.439312,98,3137.975584
-163.443446,119,3141.176401
-48.676588,115,3144.263983
-45.369229,104,3147.064772
-47.367832,101,3149.775869
-131.936732,97,3152.393397
-145.38226,105,3155.216121
-30.537727,94,3157.750259
-50.387922,105,3160.574618
-42.324288,107,3164.875925
-151.452616,95,3167.43784
-174.011683,142,3171.256232
-43.906182,105,3174.102169
-38.077437,103,3176.896366
-51.095606,108,3179.819349
-50.324579,100,3182.53175
-167.060232,135,3186.169815
-39.895729,108,3189.099481
-48.028175,104,3191.924067
-42.591597,103,3194.714586
-39.556103,95,3197.295788
-59.787698,115,3200.413446
-54.194769,109,3203.376377
-44.251576,100,3206.087009
-45.860412,102,3208.857728
-155.648104,125,3212.249808
-154.575091,109,3215.204677
-39.013246,104,3218.0264
-57.796204,98,3222.114313
-53.351057,108,3225.045685
-36.27071,98,3227.704908
-35.554992,97,3230.332643
-42.653215,97,3232.966637
-55.617014,109,3235.917839
-141.632435,92,3238.411363
-42.667838,101,3241.144696
-161.059888,128,3244.616443
-49.812487,103,3247.412071
-40.797734,109,3250.361778
-50.746183,115,3253.479625
-50.094096,110,3256.463221
-27.915595,97,3259.095882
-51.1977,103,3261.890552
-37.508897,102,3264.656394
-42.012331,111,3267.662102
-39.381777,99,3270.341421
-45.512605,104,3273.162113
-167.723546,159,3278.751681
-48.938333,107,3281.628375
-37.442869,101,3284.343849
-42.445276,102,3287.081089
-36.046121,99,3289.739102
-34.455295,105,3292.560888
-35.652526,100,3295.240605
-145.71459,89,3297.633027
-32.861459,97,3300.235084
-37.688008,100,3302.916739
-138.352082,92,3305.38242
-39.40601,96,3307.970821
-156.585302,121,3311.218465
-44.322115,96,3313.798839
-32.706965,95,3316.345498
-41.807941,102,3319.084168
-59.720142,108,3321.976076
-56.049223,108,3324.872476
-41.703132,99,3327.533906
-48.361746,100,3330.214929
-34.161087,105,3334.450319
-137.830704,94,3336.962018
-41.299216,103,3339.725219
-53.778149,105,3342.537108
-159.099735,122,3345.804873
-63.790445,103,3348.568482
-45.431987,98,3351.194089
-50.659258,123,3354.488513
-138.602268,97,3357.085613
-137.581395,91,3359.528704
-172.102469,132,3363.060392
-136.302409,89,3365.446341
-45.721707,96,3368.019077
-153.939703,100,3370.70101
-61.093746,105,3373.519382
-45.281913,97,3376.118737
-34.592179,97,3378.721156
-162.234177,102,3381.448473
-53.812452,114,3384.507405
-39.695785,106,3387.35067
-55.703879,98,3391.408957
-58.33103,102,3394.152553
-48.498323,105,3396.972375
-48.738229,107,3399.843108
-155.85419,106,3402.689372
-38.489098,103,3405.449102
-42.096403,97,3408.055457
-35.728586,97,3410.660258
-157.171181,109,3413.592681
-140.447719,106,3416.43417
-137.774772,106,3419.281751
-57.046139,106,3422.125183
-42.498635,100,3424.812429
-46.970355,105,3427.628901
-42.001623,108,3430.524499
-144.837254,109,3433.451922
-55.124795,112,3436.458604
-35.46014,105,3439.28038
-49.583465,103,3442.043349
-35.948577,101,3444.749315
-144.400439,118,3449.358218
-44.223656,94,3451.89559
-48.256109,100,3454.593784
-51.500936,117,3457.744582
-42.360523,112,3460.780695
-46.75959,108,3463.696855
-41.968321,101,3466.416741
-34.847755,102,3469.169562
-33.501871,103,3471.942758
-148.237434,108,3474.854086
-172.711193,162,3479.197313
-39.191571,98,3481.844779
-40.167929,101,3484.567625
-52.39803,106,3487.425555
-30.4149,96,3490.016185
-50.667133,102,3492.764017
-35.870064,98,3495.408822
-38.618261,101,3498.129903
-36.67748,100,3500.821628
-150.791692,99,3504.931065
-140.048553,104,3507.732884
-160.663474,114,3510.813035
-54.046515,114,3513.895224
-44.541944,98,3516.541793
-142.075206,106,3519.402749
-39.976359,95,3521.965564
-51.09332,105,3524.811981
-176.052261,125,3528.186822
-61.741403,127,3531.605707
-46.227462,117,3534.767083
-37.462956,99,3537.437499
-41.522266,94,3539.980413
-37.84823,94,3542.515466
-52.083891,98,3545.170836
-47.424678,100,3547.868835
-151.10915,103,3550.653652
-143.080596,111,3553.647285
-30.109734,99,3556.316306
-43.853761,102,3560.512472
-160.16192,145,3564.389149
-39.469188,94,3566.921118
-166.420944,146,3570.846974
-39.491619,93,3573.358234
-36.399074,98,3576.002538
-38.578955,96,3578.592401
-37.545872,98,3581.234061
-39.193869,103,3584.014109
-35.941519,96,3586.599941
-40.849956,100,3589.303133
-53.478345,101,3592.02891
-46.759086,94,3594.570038
-38.265967,96,3597.155351
-145.454405,113,3600.201919
-129.629981,89,3602.593373
-46.674981,97,3605.216131
-31.855645,100,3607.910697
-47.978068,111,3610.909687
-47.002496,104,3613.719145
-37.763788,100,3617.855592
-150.751369,107,3620.73906
-44.738079,97,3623.352978
-49.869821,101,3626.083287
-46.798012,98,3628.729062
-47.845044,103,3631.503936
-143.922808,90,3633.93254
-52.361269,130,3637.424614
-47.692961,106,3640.290413
-52.099715,104,3643.094905
-36.704475,100,3645.795382
-27.6941,94,3648.330847
-54.24591,99,3651.005612
-136.168596,89,3653.402878
-45.507647,101,3656.13863
-50.017679,115,3659.24798
-147.129142,93,3661.753417
-139.562387,90,3664.183239
-44.163858,99,3666.855641
-42.479497,96,3669.448046
-141.423569,91,3671.901826
-52.465077,123,3676.618656
-34.634668,98,3679.239555
-37.994656,102,3681.964389
-44.069216,93,3684.454352
-31.518646,101,3687.149057
-36.927694,101,3689.850757
-72.871592,128,3693.260726
-155.077948,121,3696.496681
-32.330911,99,3699.153974
-48.173748,99,3701.809162
-51.695439,99,3704.461718
-48.81399,107,3707.328243
-47.654438,97,3709.924529
-54.537892,103,3712.617456
-159.331368,100,3715.170717
-55.699855,104,3717.842384
-36.457227,99,3720.398919
-38.178874,102,3723.011095
-33.544807,99,3725.549441
-33.998137,99,3729.548145
-50.378609,98,3732.175666
-44.274425,96,3734.752979
-40.016633,94,3737.159617
-45.043711,126,3740.376089
-35.917803,95,3742.800113
-48.803705,95,3745.22998
-35.162949,94,3747.630249
-187.860618,174,3752.055187
-45.799641,97,3754.535033
-41.463278,109,3757.32218
-35.880625,95,3759.761351
-33.904838,102,3762.365199
-44.848089,98,3764.872473
-37.481765,96,3767.319581
-50.582933,101,3769.903211
-53.483746,113,3772.786947
-50.675092,98,3775.290459
-53.690883,112,3778.136981
-140.389295,105,3780.825205
-143.716269,92,3784.67814
-32.382402,99,3787.33788
-48.044855,99,3789.99822
-38.065318,98,3792.628062
-33.145114,97,3795.238552
-51.39462,100,3797.923985
-56.63295,119,3801.133828
-34.004974,102,3803.87298
-42.476684,99,3806.536029
-43.911896,106,3809.377042
-138.549351,108,3812.279366
-40.907489,98,3814.913056
-131.735745,90,3817.335995
-39.046365,98,3819.96516
-135.380017,105,3822.786264
-41.553119,99,3825.459389
-43.928202,100,3828.137588
-49.561557,111,3831.117226
-43.469252,100,3833.794562
-42.643132,106,3836.643422
-67.165528,133,3841.549052
-37.434921,98,3844.035482
-40.708677,114,3846.938118
-152.968398,112,3849.782223
-42.273246,93,3852.146557
-44.164819,96,3854.583551
-48.807537,100,3857.126345
-46.59067,98,3859.618133
-47.846523,96,3862.056923
-143.561,106,3864.746822
-149.657644,133,3868.130487
-144.446193,107,3870.851444
-38.679989,106,3873.5409
-34.550987,96,3875.98022
-39.836537,98,3878.464959
-45.563312,114,3881.356979
-50.126654,99,3883.868058
-154.713323,108,3886.609903
-41.832413,98,3889.105
-31.587562,100,3891.648207
-44.440888,97,3895.544827
-37.213247,93,3897.901783
-45.10103,93,3900.263599
-60.611689,114,3903.153408
-42.450598,104,3905.796277
-150.812021,128,3909.026593
-62.216433,109,3911.795435
-72.598386,107,3914.512367
-43.502257,96,3916.9461
-29.922631,97,3919.404136
-31.924577,94,3921.789539
-31.417608,97,3924.247421
-52.761689,99,3926.786468
-41.006614,98,3929.304353
-141.984931,89,3931.591264
-33.659137,100,3934.156971
-36.202087,98,3936.673451
-126.942977,90,3938.981477
-45.013037,103,3941.625541
-33.059585,94,3944.035967
-37.430449,100,3948.032644
-42.861466,95,3950.483932
-46.563931,97,3952.961021
-38.03191,96,3955.413628
-134.706119,95,3957.837303
-31.667556,94,3960.23687
-51.048728,97,3962.715304
-43.13699,110,3965.523862
-40.277238,98,3968.028342
-39.594669,100,3970.58588
-39.967072,96,3973.035325
-48.450906,100,3975.589725
-50.886189,111,3978.425145
-35.514134,94,3980.827713
-46.104866,99,3983.353461
-37.963775,93,3985.731736
-34.769043,94,3988.242592
-45.734053,95,3990.786238
-44.377148,103,3993.5291
-39.193135,104,3996.305726
-42.385619,96,3998.866775
-138.074647,90,4002.639947
-32.135142,94,4005.059658
-151.427397,89,4007.345238
-142.671919,108,4010.123612
-148.12549,89,4012.413955
-50.519721,98,4014.937047
-44.09898,100,4017.513379
-141.34077,93,4019.902759
-41.480172,97,4022.403364
-137.748258,87,4024.633719
-146.770763,87,4026.87316
-52.589988,104,4029.55328
-37.219955,96,4032.031289
-129.975806,87,4034.267634
-151.616998,93,4036.658913
-38.124156,98,4039.183887
-148.810062,88,4041.451507
-141.683083,89,4043.733802
-48.136455,96,4046.207646
-43.420892,96,4048.682004
-138.080784,89,4050.969033
-51.813676,99,4053.523285
-36.182885,94,4057.382054
-41.998944,101,4059.967243
-37.654183,101,4062.558585
-34.432713,96,4065.020464
-139.502598,107,4067.766454
-40.558412,98,4070.305904
-34.486113,99,4072.843942
-151.963246,113,4075.745008
-39.050396,94,4078.165806
-145.194832,107,4080.909569
-39.933383,96,4083.370039
-30.601905,99,4085.907856
-45.543408,104,4088.577376
-152.606345,115,4091.517771
-41.502338,109,4094.31172
-30.203219,94,4096.72789
-147.239001,93,4099.110003
-34.87734,97,4101.609621
-157.494733,113,4104.484171
-131.461156,89,4106.747988
-36.313769,94,4110.598335
-27.546232,94,4113.017674
-47.208276,95,4115.46043
-41.193254,94,4117.872384
-44.697175,96,4120.330539
-28.593404,97,4122.829208
-53.905441,114,4125.747215
-35.070855,98,4128.26163
-159.232647,89,4130.533332
-139.857849,91,4132.861793
-41.176587,94,4135.273557
-44.027411,121,4138.369268
-40.439026,98,4140.880246
-37.436303,100,4143.457277
-55.403512,108,4146.231817
-44.396512,94,4148.643973
-150.954055,115,4151.589025
-33.251841,99,4154.127477
-41.980421,93,4156.512022
-46.187044,96,4158.981574
-52.98089,99,4161.527407
-155.215035,132,4166.227215
-34.844582,94,4168.618287
-45.144292,103,4171.231986
-35.381633,100,4173.776241
-38.427499,93,4176.141919
-50.042247,99,4178.666086
-38.934166,96,4181.107667
-39.716529,100,4183.67678
-36.340326,100,4186.23731
-42.661292,101,4188.828566
-36.883987,99,4191.369534
-149.818276,99,4193.908504
-146.424927,95,4196.336602
-36.607668,101,4198.930573
-35.564689,96,4201.390549
-27.861627,97,4203.879591
-35.673569,100,4206.441002
-152.744794,106,4209.169133
-41.35475,94,4211.581918
-32.575995,99,4214.126021
-40.863605,102,4218.142025
-134.705687,92,4220.484637
-41.443962,101,4223.07003
-37.517827,96,4225.51882
-47.346535,98,4228.018823
-28.551758,94,4230.413884
-44.363021,96,4232.862393
-43.026729,110,4235.66389
-41.323092,95,4238.089125
-50.894742,100,4240.641724
-48.425436,100,4243.205323
-36.594571,99,4245.727689
-41.259282,99,4248.253894
-133.788712,100,4250.799648
-137.313831,88,4253.043419
-31.353473,94,4255.437286
-40.172325,100,4257.986787
-126.712401,88,4260.225786
-44.198404,102,4262.831848
-44.22282,94,4265.223846
-154.692261,113,4268.101054
-44.634131,97,4272.001013
-40.945599,101,4274.680977
-48.089609,105,4277.485864
-29.889313,99,4280.13031
-55.219885,118,4283.277169
-29.852637,97,4285.863615
-50.473421,112,4288.859161
-50.384214,114,4291.892995
-50.836596,103,4294.646636
-47.559703,100,4297.311497
-40.564729,96,4299.876239
-35.225538,94,4302.385825
-46.402861,97,4304.974576
-43.924119,102,4307.703053
-26.419643,94,4310.211468
-39.344411,94,4312.722385
-43.220665,108,4315.602805
-159.425577,129,4319.038363
-36.47442,101,4321.730212
-34.862971,95,4324.267435
-46.847437,106,4328.532072
-56.25214,127,4331.944483
-38.971579,103,4334.638585
-51.403446,104,4337.278076
-38.554788,101,4339.84727
-159.183334,113,4342.714597
-35.996794,101,4345.277419
-50.345385,96,4347.725624
-30.025412,94,4350.113694
-29.785047,100,4352.652838
-27.779139,94,4355.063347
-37.510908,97,4357.543168
-39.282908,97,4360.029442
-27.93876,94,4362.430619
-33.095815,99,4364.972558
-27.926513,94,4367.379136
-42.461576,97,4369.878242
-153.837755,110,4372.687113
-42.226128,94,4375.087024
-50.053055,96,4377.541938
-37.263821,98,4381.451364
-30.536096,96,4383.889865
-146.388437,104,4386.527489
-134.937221,100,4389.068851
-44.143968,94,4391.453658
-43.547554,98,4393.978769
-35.21085,98,4396.501509
-138.607606,97,4399.000789
-50.288016,99,4401.549069
-49.284772,122,4404.683808
-137.325332,92,4407.051692
-37.992598,93,4409.449451
-144.082715,92,4411.817996
-155.35218,105,4414.532891
-139.214524,109,4417.31338
-141.410434,105,4419.993418
-145.886711,107,4422.723344
-33.168327,99,4425.256782
-51.203694,96,4427.703254
-49.541542,100,4430.254685
-135.615566,87,4432.471355
-132.432974,87,4436.17355
-146.727833,118,4439.326664
-38.908136,94,4441.844588
-144.191128,94,4444.363627
-137.143034,105,4447.173184
-54.578147,111,4450.152429
-53.997585,107,4453.014626
-157.074602,113,4456.043807
-135.159244,91,4458.487007
-43.037886,102,4461.21817
-140.534866,106,4464.059014
-34.678658,95,4466.600137
-41.958013,96,4469.175274
-141.875274,104,4471.957815
-51.95764,102,4474.690121
-147.378786,107,4477.548523
-36.390682,95,4480.100447
-144.148535,102,4482.833459
-41.74853,96,4485.407913
-144.489136,91,4487.847432
-136.59746,89,4491.595959
-132.378218,87,4493.905379
-37.669765,94,4496.415514
-131.182313,89,4498.798187
-43.933133,96,4501.369313
-39.506701,98,4503.995928
-41.757367,103,4506.75076
-38.19904,104,4509.540223
-44.336255,95,4512.083646
-36.825202,102,4514.816159
-44.16707,94,4517.334208
-32.150092,98,4519.969926
-30.909655,95,4522.515249
-45.100804,110,4525.460767
-34.209511,96,4528.029474
-132.470288,92,4530.495499
-131.909445,87,4532.82515
-57.73751,124,4536.127094
-34.993742,97,4538.723204
-136.59226,91,4541.155529
-143.29693,95,4543.692093
-45.565667,97,4547.730569
-162.736688,129,4551.191057
-40.945598,98,4553.821927
-39.135093,97,4556.367846
-32.235965,97,4558.828276
-52.734514,96,4561.263676
-44.076718,100,4563.805847
-142.975822,109,4566.565855
-39.561721,99,4569.077157
-46.084056,100,4571.611471
-32.902592,98,4574.095937
-37.457578,94,4576.478657
-40.168104,100,4579.014735
-41.102485,100,4581.550201
-144.768055,91,4583.857935
-155.940731,110,4586.796052
-31.743199,94,4589.308317
-44.986579,100,4591.975222
-37.976312,96,4594.537585
-33.72382,96,4597.101903
-34.825594,98,4599.718363
-38.217514,94,4603.656257
-41.775418,94,4606.182005
-48.304345,104,4608.97603
-151.387335,104,4611.762648
-37.320328,98,4614.390587
-38.215602,94,4616.910638
-28.012314,94,4619.433376
-44.489087,95,4621.979315
-138.868571,87,4624.316039
-142.760124,99,4626.971296
-29.376283,96,4629.55006
-129.245198,95,4632.095163
-40.164194,96,4634.6729
-142.652421,101,4637.379806
-40.32254,101,4640.092693
-28.633074,94,4642.611256
-32.020045,94,4645.134233
-44.13092,94,4647.654554
-29.379952,95,4650.210254
-55.785692,101,4652.925398
-40.453167,98,4655.556339
-32.800904,94,4659.523532
-57.707922,96,4662.099049
-41.868271,102,4664.844321
-23.735961,95,4667.392962
-39.387127,106,4670.249975
-147.611782,97,4672.855574
-176.965134,123,4676.160677
-49.20361,101,4678.875933
-28.553146,96,4681.462773
-34.37048,94,4683.989337
-52.2374,97,4686.600355
-32.806138,94,4689.126626
-132.842112,91,4691.57631
-31.936546,95,4694.131962
-44.946671,100,4696.822754
-52.7058,112,4699.833533
-158.497328,115,4702.92802
-30.257046,98,4705.566586
-36.883039,95,4708.120683
-43.322416,101,4710.837495
-149.415905,103,4715.075112
-137.33268,104,4717.87983
-165.987438,120,4721.109087
-41.609916,96,4723.698158
-44.722343,95,4726.264853
-46.862568,97,4728.882454
-143.635312,100,4731.57741
-31.179655,94,4734.113553
-31.159793,94,4736.663803
-35.918696,94,4739.198941
-152.006076,104,4742.007099
-158.012819,140,4745.774907
-40.92245,111,4748.769851
-41.613763,95,4751.332467
-136.386441,99,4754.000839
-144.754861,103,4756.778665
-38.412932,97,4759.390068
-62.890833,128,4762.844198
-42.937521,97,4765.458892
-68.452941,115,4768.556282
-132.641606,89,4772.381281
-27.766253,94,4774.909838
-43.029662,94,4777.437955
-41.976679,94,4779.971459
-41.024528,96,4782.556284
-39.879326,107,4785.436986
-40.524792,93,4787.940901
-45.259503,96,4790.52921
-42.199521,104,4793.32737
-159.014339,116,4796.448193
-45.013727,97,4799.055808
-43.483779,99,4801.720498
-34.983872,96,4804.302727
-46.672411,102,4807.045653
-140.140854,88,4809.408825
-28.396167,97,4812.013174
-45.690957,101,4814.727753
-42.535756,98,4817.364783
-145.916052,121,4820.603694
-44.222387,105,4823.417331
-134.65441,100,4826.103451
-33.928715,94,4830.03687
-32.782233,95,4832.58578
-45.596496,98,4835.216288
-32.948149,101,4837.918121
-34.181681,95,4840.466404
-55.562063,116,4843.578956
-145.882202,91,4846.021067
-48.249617,100,4848.705844
-31.256609,98,4851.331174
-36.824854,96,4853.904386
-40.056769,103,4856.668232
-138.37724,95,4859.213228
-36.341909,101,4861.923906
-34.650265,94,4864.442493
-37.451923,94,4866.976044
-47.324769,98,4869.60475
-136.620326,91,4872.045268
-45.573544,94,4874.562835
-45.859575,93,4877.057123
-26.361199,94,4879.573385
-36.550922,99,4882.232092
-41.200381,93,4886.147754
-39.005569,96,4888.730403
-40.371609,96,4891.321784
-43.134408,98,4893.938156
-30.696592,94,4896.44452
-128.581686,93,4898.919793
-141.824186,113,4901.934775
-39.715687,93,4904.415174
-44.09343,96,4906.987099
-141.111801,96,4909.545802
-46.653911,94,4912.056125
-47.118381,94,4914.566863
-38.578334,94,4917.076402
-35.266296,94,4919.581239
-152.35736,107,4922.443463
-31.939329,94,4924.950019
-36.507718,102,4927.676629
-45.308569,93,4930.15734
-37.79553,95,4932.695471
-52.39318,99,4935.332823
-156.683896,105,4938.132971
-27.253469,94,4942.086388
-41.900669,94,4944.603498
-41.669664,93,4947.109203
-31.85519,106,4949.945409
-38.551588,97,4952.54688
-34.195197,94,4955.069832
-30.651365,94,4957.597059
-34.87002,96,4960.17779
-139.267773,105,4962.991863
-50.770985,106,4965.82988
-37.052859,94,4968.359921
-148.182155,99,4971.011127
-145.951515,104,4973.79977
-27.952502,94,4976.325072
-38.426978,96,4978.899678
-34.878935,98,4981.525144
-32.33503,94,4984.045482
-41.035228,108,4986.948751
-50.968164,105,4989.76152
-34.922362,97,4992.362973
-25.407625,94,4994.882352
-37.160747,102,4999.054798
-36.898724,94,5001.59484
-35.883996,94,5004.130702
-41.483706,93,5006.65031
-40.053079,108,5009.564277
-38.784738,93,5012.078741
-31.121625,95,5014.64552
-133.000766,87,5016.990693
-39.004137,96,5019.582922
-38.328549,94,5022.12437
-38.088085,102,5024.879102
-42.887861,108,5027.802204
-39.892077,99,5030.472297
-220.278382,128,5033.881526
-44.804947,96,5036.472939
-39.981117,93,5038.987169
-152.515496,100,5041.682786
-45.797763,98,5044.32641
-156.385873,103,5047.100827
-42.536392,94,5049.637736
-157.848251,121,5054.302777
-46.049668,96,5056.895471
-35.517478,96,5059.490752
-42.795486,96,5062.084769
-47.423592,96,5064.671111
-30.242871,94,5067.211102
-149.755465,114,5070.278951
-47.078834,100,5072.993514
-147.506913,108,5075.906316
-35.477604,98,5078.550591
-30.297525,98,5081.192672
-144.023086,87,5083.538791
-151.760511,101,5086.263586
-39.239491,96,5088.854774
-137.486807,87,5091.19483
-35.688877,93,5093.713616
-147.290509,108,5096.621729
-37.408062,96,5099.213048
-42.422864,112,5102.238576
-34.363894,95,5104.803411
-33.23929,94,5107.344841
-45.714146,94,5111.28108
-37.104508,96,5113.849059
-47.127506,98,5116.458549
-58.092498,114,5119.499366
-34.168631,94,5122.004229
-32.572287,94,5124.511268
-42.675948,113,5127.51452
-40.511254,96,5130.072872
-49.879716,95,5132.606607
-36.449854,94,5135.119325
-43.607261,96,5137.679019
-34.989304,103,5140.42352
-39.31347,94,5142.932665
-38.907194,95,5145.460529
-39.097755,95,5147.993181
-38.048832,97,5150.575998
-32.856188,94,5153.079099
-35.638769,94,5155.584412
-38.397956,94,5158.097778
-32.865151,96,5160.656643
-156.357107,114,5163.688915
-35.432876,103,5167.882672
-36.613641,94,5170.409732
-40.828932,101,5173.126748
-29.166114,94,5175.656203
-43.634504,96,5178.255488
-31.152833,94,5180.78615
-42.806691,110,5183.745749
-38.277076,96,5186.329051
-141.485195,116,5189.448213
-34.962938,94,5191.98164
-34.689336,97,5194.596966
-44.376901,95,5197.156391
-39.587266,93,5199.671621
-41.192339,95,5202.231982
-40.088255,97,5204.846471
-47.45418,96,5207.436071
-137.195795,91,5209.884719
-37.772191,94,5212.422042
-31.532419,94,5214.956952
-41.580039,95,5217.52044
-35.095034,93,5220.029591
-29.976268,94,5223.998149
-31.570377,96,5226.601345
-33.338748,105,5229.456057
-34.692392,94,5232.011841
-31.749651,94,5234.571505
-41.777788,98,5237.233397
-36.539669,95,5239.825949
-36.394478,93,5242.34767
-36.501546,95,5244.821678
-48.03142,102,5247.432101
-32.556295,96,5249.884129
-59.954865,127,5253.125483
-45.3483,99,5255.649069
-157.541677,134,5259.057371
-142.843507,124,5262.201228
-150.830906,130,5265.51016
-51.316287,93,5267.881392
-137.039257,99,5270.40521
-45.282849,99,5272.926043
-31.234924,96,5275.375154
-39.333382,96,5279.297415
-134.019008,104,5281.957522
-30.708435,94,5284.367876
-136.86589,103,5287.003683
-148.8894,119,5290.038867
-47.423274,109,5292.828117
-34.841118,100,5295.388944
-43.319865,109,5298.195752
-35.009698,95,5300.627383
-31.081432,102,5303.241544
-140.981046,102,5305.860404
-146.266468,107,5308.611964
-37.836477,98,5311.121052
-33.870084,94,5313.530014
-29.195464,94,5315.93566
-36.142682,93,5318.318634
-34.825771,94,5320.725692
-134.191074,90,5323.039299
-149.270765,133,5326.424388
-47.183227,119,5329.469399
-42.638412,97,5333.381889
-40.804164,117,5336.359319
-36.421091,110,5339.165169
-47.716394,106,5341.865178
-36.971855,93,5344.259827
-45.257229,99,5346.803387
-33.355291,96,5349.271426
-31.750901,94,5351.68642
-41.681255,93,5354.077226
-40.676629,100,5356.645654
-31.41909,99,5359.203317
-48.045748,94,5361.610883
-150.765004,116,5364.589113
-28.909791,96,5367.049951
-29.675219,94,5369.466149
-142.85276,107,5372.209917
-33.021639,95,5374.651782
-54.437274,93,5377.041137
-36.838924,93,5379.431935
-35.137647,94,5381.849454
-33.047801,99,5385.699227
-34.946002,99,5388.244909
-46.333814,100,5390.809167
-36.347581,98,5393.326987
-40.351884,102,5395.947087
-32.431172,96,5398.417556
-41.43532,99,5400.962228
-52.131573,120,5404.037242
-38.716254,98,5406.55092
-35.303454,97,5409.044548
-42.245329,93,5411.429595
-34.485711,94,5413.845056
-48.322158,96,5416.306727
-36.250498,93,5418.701929
-35.256693,94,5421.139448
-40.689632,106,5423.861571
-30.840378,94,5426.271813
-134.628543,101,5428.86173
-41.251671,105,5431.555189
-52.360228,118,5434.581386
-40.922677,94,5436.993126
-43.004014,94,5440.804715
-144.080395,92,5443.155048
-51.217684,102,5445.765606
-48.903017,95,5448.187197
-35.54244,94,5450.584823
-34.290563,94,5452.980643
-45.990057,95,5455.403856
-40.666804,101,5457.979628
-46.914618,96,5460.453424
-33.670923,99,5462.996365
-136.534206,89,5465.28115
-36.212543,94,5467.688172
-34.885972,100,5470.249136
-38.338589,98,5472.757011
-39.287279,103,5475.404043
-131.883498,96,5477.868525
-44.719931,97,5480.354228
-46.325646,103,5482.990409
-37.972161,100,5485.558725
-37.810677,97,5488.039515
-43.343622,94,5490.446948
-45.681574,96,5494.343275
-133.723022,88,5496.590122
-43.575267,101,5499.173654
-153.502524,127,5502.407289
-48.276397,96,5504.876213
-45.773929,95,5507.315472
-31.507352,96,5509.780421
-35.541252,96,5512.242073
-49.406567,102,5514.860877
-38.806318,94,5517.26529
-38.584875,94,5519.676425
-39.979855,100,5522.242966
-36.275541,96,5524.70637
-43.455372,95,5527.13603
-47.771596,98,5529.655359
-34.599107,96,5532.12027
-40.865332,95,5534.560477
-55.140828,97,5537.0388
-39.031044,105,5539.738993
-39.09383,105,5542.434621
-145.686475,117,5545.433931
-38.243852,93,5549.221187
-41.933745,113,5552.123299
-31.386538,95,5554.56138
-144.566668,89,5556.834512
-34.048838,103,5559.470115
-47.748425,126,5562.726934
-33.270709,102,5565.459894
-41.762894,96,5568.021731
-138.181882,87,5570.362335
-136.571179,87,5572.685777
-40.707453,94,5575.20004
-46.177656,95,5577.734627
-46.885112,98,5580.355062
-31.555154,96,5582.917935
-42.633476,95,5585.464313
-143.367734,104,5588.240623
-56.338304,117,5591.273807
-37.603747,99,5593.78654
-38.50655,94,5596.177245
-40.281651,94,5598.566279
-37.989046,94,5602.390301
-37.556122,95,5604.816518
-60.516912,110,5607.621389
-31.554877,101,5610.209243
-31.579955,103,5612.833422
-48.004172,116,5615.78676
-47.3702,94,5618.185529
-27.291152,94,5620.586243
-132.822367,94,5622.981152
-42.968182,95,5625.406229
-35.168116,97,5627.882042
-142.314173,114,5630.794455
-34.825199,95,5633.220454
-37.634184,101,5635.795969
-28.945952,96,5638.239857
-42.383796,94,5640.638642
-46.361513,96,5643.082277
-43.235437,99,5645.609333
-29.734762,94,5648.003104
-26.812474,94,5650.401494
-46.243895,96,5652.849416
-138.849196,105,5657.013134
-36.84658,94,5659.524558
-35.857571,95,5662.062101
-33.686304,96,5664.622641
-37.129783,96,5667.188321
-32.193228,96,5669.752196
-35.999767,98,5672.371422
-36.993321,95,5674.925018
-36.381388,93,5677.414779
-34.928684,94,5679.92687
-31.177253,97,5682.518741
-31.981537,96,5685.090368
-49.898547,96,5687.656174
-30.263702,96,5690.221193
-39.079172,104,5692.997022
-36.54442,94,5695.519437
-32.80831,94,5698.035756
-24.276594,94,5700.550919
-140.041827,96,5703.117247
-30.840379,94,5705.633948
-41.247199,98,5708.256922
-148.52941,114,5712.745848
-28.450007,95,5715.302963
-59.324867,114,5718.348
-36.255191,94,5720.86768
-32.014948,103,5723.620586
-42.107237,103,5726.381678
-140.187999,110,5729.318261
-45.985726,101,5732.022724
-42.285098,93,5734.511806
-46.16045,122,5737.77816
-39.382466,96,5740.348614
-33.776609,94,5742.860186
-44.281431,96,5745.430034
-41.819845,99,5748.074304
-29.039323,94,5750.587387
-36.515798,93,5753.070882
-45.403734,100,5755.748745
-30.827059,97,5758.334943
-48.328341,95,5760.872838
-38.927152,95,5763.404985
-35.035493,94,5765.913021
-30.508531,97,5769.931356
-45.238792,96,5772.497441
-32.551067,94,5775.005013
-47.986427,106,5777.839518
-37.459119,93,5780.321252
-34.531855,101,5783.015851
-39.156816,94,5785.525184
-38.520605,97,5788.110952
-24.816437,95,5790.647124
-37.871556,97,5793.237461
-28.890202,94,5795.750645
-30.661527,94,5798.263807
-34.068442,96,5800.822392
-29.306212,96,5803.378616
-36.947222,114,5806.42148
-32.574631,94,5808.927976
-36.008107,112,5811.918931
-145.825176,101,5814.617917
-39.354953,98,5817.155149
-34.349948,97,5819.611136
-137.437081,102,5822.204881
-35.259121,94,5826.032784
-41.322555,93,5828.414173
-32.107295,94,5830.821321
-42.360598,124,5833.978304
-144.754068,113,5836.870429
-50.612518,96,5839.331742
-52.938894,96,5841.794137
-37.901775,94,5844.192858
-30.614374,100,5846.749766
-48.203021,93,5849.124143
-29.799167,94,5851.526342
-30.969417,94,5853.927435
-43.952016,95,5856.364029
-43.047602,97,5858.851468
-38.462541,99,5861.391548
-31.998328,94,5863.795739
-40.163872,97,5866.27678
-36.645882,94,5868.687371
-36.32023,94,5871.099496
-34.607332,94,5873.501135
-26.122603,95,5875.931073
-41.262952,106,5880.052461
-42.461632,95,5882.476141
-47.885617,93,5884.846011
-130.76583,99,5887.373565
-34.169299,93,5889.74741
-146.30136,113,5892.626798
-28.216543,95,5895.042643
-42.108563,98,5897.550624
-42.745115,94,5899.949775
-30.392741,94,5902.348046
-144.922565,121,5905.430012
-33.736292,97,5907.906812
-31.751215,97,5910.377113
-34.655993,99,5912.905702
-33.06783,99,5915.429058
-31.23662,98,5917.933264
-40.766619,95,5920.356855
-46.029813,103,5922.984922
-31.987033,98,5925.479834
-45.55887,95,5927.902298
-54.062262,113,5932.196182
-33.933745,93,5934.557031
-40.678488,96,5937.011229
-54.408749,96,5939.463565
-32.42553,94,5941.867201
-35.316977,100,5944.420212
-30.792559,94,5946.824315
-136.912742,86,5949.020233
-42.187398,102,5951.628291
-29.978872,94,5954.037583
-45.227299,93,5956.417101
-32.401035,94,5958.825538
-35.211353,99,5961.354844
-30.584999,97,5963.839822
-41.479595,96,5966.295496
-34.687361,96,5968.747982
-38.01735,101,5971.327331
-43.490486,99,5973.854003
-129.926194,89,5976.128104
-25.85829,94,5978.544849
-32.061771,95,5980.97815
-51.626077,107,5985.124835
-26.40543,95,5987.546041
-27.707259,94,5989.940247
-51.390672,115,5992.865012
-32.602566,101,5995.43524
-30.781159,94,5997.836899
-44.731253,98,6000.334695
-51.118028,93,6002.708413
-47.475477,105,6005.37799
-28.662816,94,6007.773769
-40.270904,97,6010.24197
-49.850589,103,6012.864641
-43.847648,94,6015.257419
-52.515218,99,6017.779391
-35.219243,96,6020.222694
-159.909143,126,6023.426131
-44.175133,96,6025.873658
-31.452628,95,6028.297797
-32.407748,97,6030.770109
-32.649115,96,6033.214265
-37.321166,98,6035.704338
-36.021147,93,6039.102238
-30.416554,94,6041.496443
-37.535061,106,6044.205426
-41.758552,95,6046.627923
-47.775067,96,6049.071039
-41.808358,98,6051.56248
-35.776178,94,6053.956754
-48.095702,111,6056.781169
-39.795038,108,6059.529643
-30.946111,96,6061.973099
-34.072786,96,6064.425794
-38.780523,106,6067.134204
-44.925126,95,6069.543358
-34.267788,93,6071.904052
-49.356127,110,6074.684211
-62.134884,135,6078.094605
-37.584632,96,6080.523421
-33.039844,95,6082.939587
-29.870729,95,6085.345727
-30.269567,94,6087.731673
-32.252319,94,6090.109803
-49.054911,96,6093.978104
-146.808938,109,6096.741899
-133.590832,92,6099.073771
-33.872629,98,6101.555129
-35.50546,95,6103.966389
-35.477261,94,6106.349654
-40.576386,94,6108.74539
-32.828653,98,6111.229208
-38.791333,99,6113.739668
-142.022398,106,6116.423557
-30.407435,97,6118.883052
-32.507604,101,6121.439096
-34.468081,95,6123.850971
-35.452024,94,6126.232469
-32.053047,94,6128.70481
-33.189145,93,6131.189922
-39.055974,95,6133.728741
-43.617175,95,6136.256995
-41.308311,94,6138.765071
-29.957965,94,6141.267742
-40.268662,108,6144.145864
-39.071291,100,6148.25524
-27.738029,94,6150.763779
-37.854258,96,6153.328594
-30.473532,94,6155.834769
-34.988019,99,6158.4723
-42.750408,95,6161.004734
-30.517994,94,6163.51307
-33.499053,95,6166.04821
-33.262823,93,6168.540732
-53.103191,98,6171.155018
-31.455969,94,6173.672874
-140.514514,116,6176.768336
-36.787023,99,6179.415939
-44.898501,95,6181.955562
-33.014432,94,6184.472255
-39.324827,103,6187.22726
-37.069206,94,6189.750176
-28.374127,94,6192.265555
-156.434004,115,6195.341884
-47.210635,96,6197.918877
-38.032039,94,6200.430154
-36.322639,98,6204.509923
-34.767054,96,6207.098471
-28.907905,94,6209.64204
-45.915476,105,6212.468908
-42.89102,110,6215.436076
-158.922126,123,6218.744555
-141.61128,102,6221.490821
-46.330053,96,6224.087276
-35.587655,100,6226.77972
-31.370217,96,6229.372953
-28.130787,94,6231.906823
-33.059681,93,6234.418241
-149.951172,126,6237.796986
-31.068826,95,6240.357934
-36.129111,94,6242.891231
-32.499883,94,6245.42403
-41.957533,94,6247.958076
-37.418678,94,6250.492646
-32.149608,99,6253.162731
-45.671876,97,6255.773701
-37.557146,94,6259.666051
-45.175767,93,6262.167209
-154.117836,129,6265.632509
-40.8799,95,6268.193112
-139.083765,115,6271.28497
-29.358067,96,6273.874915
-36.395385,95,6276.431613
-26.170443,94,6278.964628
-41.524403,98,6281.598283
-28.847735,94,6284.129542
-26.388311,94,6286.658855
-35.114784,95,6289.217096
-31.281913,96,6291.795099
-34.786316,94,6294.32861
-43.444043,94,6296.855939
-44.002049,93,6299.359176
-139.819925,105,6302.182006
-41.912854,95,6304.735061
-43.447272,97,6307.340219
-30.467068,94,6309.868896
-36.193867,99,6312.530415
-55.954967,117,6317.113811
-35.479776,95,6319.665048
-37.245814,94,6322.188491
-32.432548,94,6324.715004
-34.895646,93,6327.212131
-29.922295,96,6329.789859
-29.980451,94,6332.312005
-40.926903,94,6334.837072
-29.974185,97,6337.43467
-26.170848,94,6339.969301
-28.179266,94,6342.491541
-37.448637,93,6344.989168
-31.44709,94,6347.50741
-38.807868,95,6350.061538
-40.898325,95,6352.607853
-42.07619,94,6355.129512
-43.024733,97,6357.727782
-145.442053,88,6360.095529
-34.023121,99,6362.747797
-34.913552,97,6365.349534
-38.56129,116,6368.450108
-126.328926,90,6372.32759
-126.44864,89,6374.731168
-32.49162,96,6377.321513
-42.906835,93,6379.836952
-33.019688,94,6382.371367
-55.409801,96,6384.974022
-36.707832,94,6387.514175
-33.537955,96,6390.107708
-41.317534,98,6392.752814
-131.940358,87,6395.098071
-32.956255,100,6397.79491
-35.318567,96,6400.388157
-42.676757,100,6403.085848
-32.892575,96,6405.69042
-51.634702,105,6408.520519
-48.461534,102,6411.277247
-46.89193,95,6413.841579
-37.654421,103,6416.624149
-30.008453,94,6419.167753
-25.366458,95,6421.729476
-38.87976,99,6424.403621
-31.517968,96,6428.443217
-27.156596,94,6430.966105
-124.754203,91,6433.403735
-28.234935,94,6435.927207
-40.782808,94,6438.448771
-35.985887,95,6440.999997
-36.070223,97,6443.602472
-42.811979,93,6446.101349
-28.023114,94,6448.622098
-33.918205,95,6451.179925
-41.224043,98,6453.808105
-33.253097,96,6456.385622
-157.777271,110,6459.336899
-36.048501,94,6461.858398
-32.084201,95,6464.409009
-29.14595,94,6466.931288
-30.281334,96,6469.514153
-27.984858,95,6472.062444
-45.752711,94,6474.587256
-43.873851,93,6477.081876
-32.628949,98,6479.713609
-41.701756,94,6482.236821
-50.846741,109,6486.596457
-44.174653,100,6489.281609
-27.450151,96,6491.851578
-37.578843,94,6494.376872
-45.216841,99,6497.028603
-28.98109,94,6499.550702
-45.785147,97,6502.147707
-30.470519,96,6504.722304
-36.373989,94,6507.243269
-29.205886,94,6509.763638
-43.863737,105,6512.574834
-34.947147,94,6515.100836
-161.393555,119,6518.286766
-38.425097,94,6520.810226
-35.278589,98,6523.434217
-40.893047,93,6525.93132
-27.384712,98,6528.560643
-32.622944,94,6531.080877
-42.327923,100,6533.759064
-48.581812,96,6536.341219
-29.730938,97,6538.941173
-145.863743,117,6543.492504
-50.409357,104,6546.270069
-51.913908,95,6548.803582
-29.821763,94,6551.319495
-31.610127,94,6553.826437
-37.354421,94,6556.337928
-28.495639,97,6558.932485
-39.833733,94,6561.446912
-27.659483,94,6563.957171
-54.840522,114,6566.999143
-36.017802,96,6569.563874
-25.565541,94,6572.0711
-33.844928,94,6574.580954
-44.010125,95,6577.118686
-37.43362,94,6579.632444
-30.131085,94,6582.142137
-43.230936,95,6584.678066
-41.587281,94,6587.186111
-41.881945,95,6589.723864
-44.768199,93,6592.205208
-39.77307,95,6594.744749
-33.299733,96,6598.650111
-43.907389,96,6601.222452
-29.262623,96,6603.781002
-27.865019,94,6606.290227
-34.236175,94,6608.799319
-36.771878,94,6611.30643
-44.227825,98,6613.921719
-46.136305,94,6616.434211
-208.345224,101,6619.109691
-43.618362,96,6621.666944
-200.3551,101,6624.337713
-208.448215,103,6627.077087
-36.267864,107,6629.92908
-26.547914,95,6632.462766
-41.203024,95,6634.991371
-34.461655,98,6637.600861
-41.033901,94,6640.108757
-146.689559,127,6643.48553
-36.325692,94,6645.999532
-32.424096,97,6648.588177
-35.405347,94,6651.097599
-37.039634,103,6655.266773
-25.513278,95,6657.797619
-40.780009,98,6660.410389
-36.750216,93,6662.889289
-34.061895,99,6665.538952
-142.705956,102,6668.262897
-24.349861,95,6670.803079
-23.527396,94,6673.312539
-40.469179,95,6675.851509
-25.974647,94,6678.362637
-30.205913,94,6680.877713
-252.195269,130,6684.319889
-33.193578,109,6687.239233
-150.199168,129,6690.669056
-31.888685,94,6693.183269
-41.229422,97,6695.781347
-48.070114,96,6698.35135
-37.996888,106,6701.189479
-38.065914,96,6703.755223
-35.777918,96,6706.331297
-33.656981,101,6710.466897
-31.882631,94,6712.980219
-38.132889,96,6715.553971
-221.869703,113,6718.560534
-37.528033,95,6721.10516
-26.217399,95,6723.645704
-150.167159,141,6727.384067
-28.144884,95,6729.929139
-35.090799,96,6732.502378
-29.188584,94,6735.015423
-25.236797,94,6737.535116
-35.861706,94,6740.04754
-31.354404,94,6742.570708
-27.134995,94,6745.08644
-31.410322,96,6747.657043
-32.283241,94,6750.171105
-35.946269,94,6752.688539
-30.320811,94,6755.199971
-28.024171,96,6757.769468
-44.477242,96,6760.333954
-26.518776,94,6762.848015
-36.930519,94,6766.791623
-43.097492,97,6769.413267
-158.792502,114,6772.46227
-42.836721,95,6774.997654
-42.794359,115,6778.065972
-43.655122,94,6780.571052
-29.797381,97,6783.156544
-30.125399,105,6785.956931
-38.556629,93,6788.43643
-40.053467,93,6790.929281
-39.325109,95,6793.467093
-39.850346,111,6796.425349
-34.381658,101,6799.116538
-43.678405,94,6801.62137
-38.904957,94,6804.125328
-36.307587,94,6806.63392
-36.598188,94,6809.137318
-142.183521,122,6812.411389
-29.326937,94,6814.950596
-41.328751,100,6817.65948
